sample_name	tissue	treatment	plate	Zhat1	Zhat2	Zhat3	Zhat4
Chrom_40_1_b_D7	body	control	Chrom_40_1_b	3.86476326448091	-2.78366948012692	3.29848210457394	3.03205414594846
Chrom_40_2_b_A5	body	control	Chrom_40_2_b	3.4738624083986	-3.67878870513142	0.468414922559403	1.77989998021533
Chrom_50_4_b_B6	body	crvi	Chrom_50_4_b	6.77112421416611	-5.06986363713442	3.22702479405599	2.16338192098359
Chrom_40_3_b_C9	body	control	Chrom_40_3_b	4.21568589439765	-2.51439554565555	4.2958478637876	1.77537139090071
Chrom_40_4_b_D9	body	control	Chrom_40_4_b	3.83992751705159	-2.75214043227298	3.73671171692529	2.05864501826198
Chrom_50_3_b_F10	body	crvi	Chrom_50_3_b	2.9832659673936	-4.52446708781649	3.09317812541335	3.1859726156993
Chrom_40_4_b_H2	body	control	Chrom_40_4_b	4.10814051115609	-2.81350125780722	3.85588001821464	1.68505925059671
Chrom_40_2_b_F3	body	control	Chrom_40_2_b	4.6188602035924	-3.579492718325	1.22129321181523	0.170967615635538
Chrom_50_4_b_D5	body	crvi	Chrom_50_4_b	6.88197202251195	-5.30064538303726	3.44879162876374	2.40284657488165
Chrom_50_4_b_A6	body	crvi	Chrom_50_4_b	6.80601432669808	-5.1479408928068	3.17619244475628	2.41714461989347
Chrom_40_1_b_G10	body	control	Chrom_40_1_b	4.06623081113831	-3.17513201196971	2.60659484887338	1.5424509136056
Chrom_40_4_b_A12	body	control	Chrom_40_4_b	5.21430126640798	-1.46755441253695	-1.11840953499174	3.57709562046097
Chrom_40_4_b_F6	body	control	Chrom_40_4_b	3.7129713316253	-5.870586177414	1.87565047076235	-0.968047424014817
Chrom_50_2_b_C12	body	crvi	Chrom_50_2_b	6.6198356438257	-3.91143949426549	2.55864332672227	1.26207853687899
Chrom_40_2_b_E8	body	control	Chrom_40_2_b	3.68147395624157	-3.09822659350473	2.29962622878873	1.32943860510581
Chrom_50_4_b_A12	body	crvi	Chrom_50_4_b	3.9469050285437	-4.72616552739979	3.76398552984137	1.78265159535466
Chrom_40_3_b_C12	body	control	Chrom_40_3_b	4.15926812779513	-3.02528660273553	4.16492005089091	1.38066218898839
Chrom_40_2_b_G5	body	control	Chrom_40_2_b	6.14764439321206	-3.77037790325366	1.81136961859036	1.59349078424897
Chrom_50_1_b_G5	body	crvi	Chrom_50_1_b	4.69511647168742	-2.88943034992529	3.14349793608369	1.31491250416207
Chrom_50_1_b_E1	body	crvi	Chrom_50_1_b	5.21981656563389	-2.57911549590771	2.92869182017593	-0.00771092034967548
Chrom_50_1_b_F12	body	crvi	Chrom_50_1_b	4.69656071338049	-2.39893139397959	2.36695769382213	1.8759341994938
Chrom_50_3_b_G4	body	crvi	Chrom_50_3_b	3.01783249396364	-3.95919819582136	3.27182020869649	3.60847890292217
Chrom_40_2_b_D12	body	control	Chrom_40_2_b	4.6490367608646	-3.9288942472018	2.91531906957145	0.616291063977588
Chrom_40_1_b_E4	body	control	Chrom_40_1_b	4.44042425763992	-3.09131997453335	3.42023049124573	0.801769070194748
Chrom_50_2_b_H11	body	crvi	Chrom_50_2_b	6.81260241511198	-4.33953674158104	3.29290878057294	2.13690641410436
Chrom_40_2_b_H10	body	control	Chrom_40_2_b	4.45678290867934	-4.26902496657597	1.29500995229085	-0.557787270770945
Chrom_50_1_b_C10	body	crvi	Chrom_50_1_b	5.20463510195371	-2.3153234690523	3.37268248321966	1.44626759005805
Chrom_50_4_b_H3	body	crvi	Chrom_50_4_b	6.86485304815352	-5.37860015751274	3.38867698396527	2.33584914274937
Chrom_50_2_b_E10	body	crvi	Chrom_50_2_b	4.79376730359198	-2.10220232247164	3.23180701431606	-0.362543189744289
Chrom_50_2_b_F7	body	crvi	Chrom_50_2_b	4.03680599760203	-2.49447610944437	3.99320749117097	0.520501602660437
Chrom_50_1_b_E11	body	crvi	Chrom_50_1_b	5.30174977672552	-2.47288501662545	2.47924711023988	1.01573673546229
Chrom_50_3_b_E4	body	crvi	Chrom_50_3_b	3.43024739450416	-3.45129243846626	4.87640854649976	3.14805675668069
Chrom_50_2_b_A10	body	crvi	Chrom_50_2_b	6.90843624011515	-4.67015200691445	3.24741322044998	2.44061382968631
Chrom_40_3_b_G2	body	control	Chrom_40_3_b	4.1832482734969	-2.90652791542304	3.61709082367405	2.1730532249827
Chrom_50_1_b_G3	body	crvi	Chrom_50_1_b	5.11300200118512	-2.78934876012019	3.82922847541106	0.640919579221549
Chrom_50_4_b_C4	body	crvi	Chrom_50_4_b	6.89097193230211	-5.34096633895762	3.55206510964805	2.37409784413077
Chrom_40_3_b_C2	body	control	Chrom_40_3_b	4.17199602799913	-3.27752749334158	3.66807909640048	1.59654188516454
Chrom_50_3_b_C7	body	crvi	Chrom_50_3_b	3.36233373270585	-4.58779089508795	3.62017604577438	0.865403095670262
Chrom_40_4_b_E9	body	control	Chrom_40_4_b	3.86671507529775	-3.86684195598494	3.19990082804081	1.1268490971071
Chrom_40_3_b_F1	body	control	Chrom_40_3_b	4.66585810306615	-2.73108620988374	4.22080446739247	0.645021173932619
Chrom_40_2_b_C9	body	control	Chrom_40_2_b	3.68750804425546	-3.69380626346235	2.13305642251916	0.545551136540532
Chrom_40_3_b_G6	body	control	Chrom_40_3_b	3.51237121255627	-3.3269495971262	3.59392465181614	2.1536476920503
Chrom_50_1_b_D9	body	crvi	Chrom_50_1_b	4.95264443145615	-2.287794736189	3.61276984596968	1.16773898003803
Chrom_50_1_b_F7	body	crvi	Chrom_50_1_b	4.53297684228225	-2.78143785954971	4.31164854750641	1.24881500155357
Chrom_40_2_b_E2	body	control	Chrom_40_2_b	4.38782948421165	-2.64486353262327	1.13285458739455	2.92238776575375
Chrom_40_4_b_C7	body	control	Chrom_40_4_b	4.45505764247092	-2.45241671335	3.72635882760171	1.57394919691609
Chrom_50_4_b_A2	body	crvi	Chrom_50_4_b	5.42408844368194	-4.40327094156397	4.27490755850544	0.837771741168806
Chrom_40_2_b_A6	body	control	Chrom_40_2_b	3.94955963147609	-2.78348997967833	2.01015229936851	1.70085322805733
Chrom_50_2_b_D8	body	crvi	Chrom_50_2_b	3.53765144136499	-2.25579428907971	1.07014085880828	3.01707283747219
Chrom_50_2_b_A6	body	crvi	Chrom_50_2_b	4.59628030375776	-1.99797921310139	1.36140523745324	0.779528266469045
Chrom_50_3_b_C11	body	crvi	Chrom_50_3_b	4.77759064603997	-3.75535439402989	3.49610773273024	-0.0029887587747538
Chrom_50_3_b_G8	body	crvi	Chrom_50_3_b	2.8866985239026	-4.92615328964383	3.61129214390633	2.25686204037483
Chrom_50_1_b_F8	body	crvi	Chrom_50_1_b	5.17580336351269	-3.19943159482973	3.75889640422959	0.112545307042608
Chrom_50_4_b_G11	body	crvi	Chrom_50_4_b	3.9806000736165	-4.07529487949104	4.02630841037936	2.6683444842014
Chrom_40_3_b_D4	body	control	Chrom_40_3_b	4.25974219557095	-3.55099371088032	3.56205709932376	0.702321974328226
Chrom_40_1_b_H9	body	control	Chrom_40_1_b	4.09557862310446	-3.14649760055675	2.63889141617699	1.11104143506739
Chrom_50_3_b_B4	body	crvi	Chrom_50_3_b	2.80386872800354	-4.98256015046156	3.53449628133926	2.24740186008067
Chrom_50_4_b_E2	body	crvi	Chrom_50_4_b	4.87474454088452	-3.68253131520396	4.68755303522011	2.52368100269384
Chrom_50_2_b_B8	body	crvi	Chrom_50_2_b	4.07186438281773	-2.82425014277102	2.28231826792728	-0.294421651893625
Chrom_40_2_b_H8	body	control	Chrom_40_2_b	4.49887205495764	-4.11196032084794	0.967259677117948	0.179654656122463
Chrom_50_3_b_F2	body	crvi	Chrom_50_3_b	4.89730440308242	-2.68091046802083	4.1629386058897	2.10537434920029
Chrom_40_2_b_B7	body	control	Chrom_40_2_b	3.59794389023612	-5.21047642826856	1.78304309124956	-0.493759764628456
Chrom_50_3_b_G11	body	crvi	Chrom_50_3_b	3.22268167565852	-4.29941797430897	3.33402333834072	2.81766401734944
Chrom_40_3_b_F8	body	control	Chrom_40_3_b	3.99986874839037	-4.33524497202796	3.51066193670694	0.432290542355154
Chrom_50_4_b_A8	body	crvi	Chrom_50_4_b	6.68075112257823	-4.79272982823486	3.39290823275128	2.21397907931478
Chrom_50_4_b_B10	body	crvi	Chrom_50_4_b	4.38396989095867	-4.84215869360517	3.90785273864703	1.36224082259775
Chrom_40_2_b_D10	body	control	Chrom_40_2_b	4.06899739298234	-2.54299402828202	1.88901538158942	1.55832460624809
Chrom_40_4_b_D8	body	control	Chrom_40_4_b	3.67255095512357	-3.23031459518533	3.85873308254183	1.68908451226694
Chrom_50_1_b_A6	body	crvi	Chrom_50_1_b	4.91441272663034	-2.4841020226645	2.97304150596506	1.00786297959596
Chrom_50_1_b_D11	body	crvi	Chrom_50_1_b	5.27690175713519	-2.03533095535714	2.97056010419727	1.52979791391614
Chrom_50_4_b_H6	body	crvi	Chrom_50_4_b	6.54384553627038	-4.6643595494645	3.50967219725372	1.63846723739884
Chrom_50_1_b_B8	body	crvi	Chrom_50_1_b	4.38984039779415	-3.44968900466495	3.29207301728997	0.160912369895283
Chrom_50_2_b_B2	body	crvi	Chrom_50_2_b	7.07288007548888	-5.47256571654969	3.11813788608246	2.78520593482502
Chrom_40_4_b_H3	body	control	Chrom_40_4_b	4.00053178635094	-2.87734712553003	3.35473247674722	1.97884723852472
Chrom_50_1_b_A11	body	crvi	Chrom_50_1_b	4.7110016448044	-2.34746125096045	4.76555019464313	1.85964688763106
Chrom_40_2_b_E9	body	control	Chrom_40_2_b	4.11954297390572	-2.66151682871754	2.70977699377043	0.599987472231803
Chrom_40_3_b_D5	body	control	Chrom_40_3_b	3.78761898808691	-2.84732732537267	4.23087932891171	2.28925190004326
Chrom_40_3_b_D7	body	control	Chrom_40_3_b	3.64662768534774	-3.35205820224079	4.38575355300231	1.82813817836616
Chrom_40_4_b_A7	body	control	Chrom_40_4_b	4.10592169355499	-3.32741689488042	1.91065266267989	1.29860869825805
Chrom_40_3_b_D8	body	control	Chrom_40_3_b	4.12582954016792	-3.03992557876522	4.09146196647076	1.10910814623689
Chrom_40_4_b_G11	body	control	Chrom_40_4_b	4.29576351004261	-3.58949104377851	4.00766271816263	-0.115062263813447
Chrom_50_3_b_E7	body	crvi	Chrom_50_3_b	3.08524895057255	-5.11275048325384	3.6290881794009	1.11942077829064
Chrom_50_2_b_F2	body	crvi	Chrom_50_2_b	6.98011321408898	-4.97991605671711	3.22906335906987	2.59236399723956
Chrom_40_4_b_G10	body	control	Chrom_40_4_b	3.8889424286816	-2.42299281939037	3.6543502921655	3.15745997934538
Chrom_40_4_b_A1	body	control	Chrom_40_4_b	4.75379347691359	-2.21770646352047	3.80748125062634	0.997814082434002
Chrom_50_3_b_E11	body	crvi	Chrom_50_3_b	4.08315744997537	-4.52106715934973	3.09204099564954	0.997924217868888
Chrom_40_4_b_D10	body	control	Chrom_40_4_b	4.82953594405408	-2.52780031395854	4.0542272849994	0.127066205122423
Chrom_50_3_b_E3	body	crvi	Chrom_50_3_b	2.9913617291052	-6.07201915357365	3.28313402282998	0.362527001651086
Chrom_40_3_b_B1	body	control	Chrom_40_3_b	3.82526722850419	-3.54567534967154	4.14288475376619	1.46263925113988
Chrom_50_4_b_C11	body	crvi	Chrom_50_4_b	6.61374714340833	-4.50584760152244	4.14631072790526	1.74243093107824
Chrom_40_2_b_E10	body	control	Chrom_40_2_b	4.17252777303758	-5.10315962556591	1.89568924875637	-1.6951565666045
Chrom_50_2_b_E4	body	crvi	Chrom_50_2_b	4.51960385524234	-1.3478661612394	2.77485226302909	2.09724722989667
Chrom_50_2_b_A5	body	crvi	Chrom_50_2_b	4.56915437608166	-1.05425260205906	3.88253500861254	1.87935891721913
Chrom_40_1_b_G8	body	control	Chrom_40_1_b	3.72400777193463	-3.38845765904787	2.47475809059431	1.48953246342058
Chrom_40_3_b_G10	body	control	Chrom_40_3_b	3.93370539515644	-3.07587118683247	4.38534027546715	1.82939600185752
Chrom_50_4_b_G8	body	crvi	Chrom_50_4_b	5.13425938522759	-4.01645488603147	4.52501592910831	1.1137599862606
Chrom_40_3_b_A6	body	control	Chrom_40_3_b	3.66454014014281	-3.35137711963293	4.12241476420083	2.04683242836433
Chrom_50_4_b_H5	body	crvi	Chrom_50_4_b	6.83463347445283	-5.06220688908094	3.22366637961486	2.3167887081505
Chrom_50_1_b_F5	body	crvi	Chrom_50_1_b	5.16930534799989	-2.55003102818792	3.87678620119886	1.62290746176446
Chrom_50_4_b_H12	body	crvi	Chrom_50_4_b	3.77475496146489	-4.63695959008425	3.12365979790267	2.14022140018564
Chrom_50_1_b_B1	body	crvi	Chrom_50_1_b	5.0417915653683	-3.19137148988077	3.75989278282388	0.0401152370644206
Chrom_40_4_b_H7	body	control	Chrom_40_4_b	2.75061692731106	-4.30333350166079	0.690883612509392	1.78815413344165
Chrom_50_4_b_F12	body	crvi	Chrom_50_4_b	4.07644666158436	-5.48210562145293	3.77539493490405	0.648328591493232
Chrom_40_3_b_C1	body	control	Chrom_40_3_b	4.56821993659292	-2.64258116070507	0.541933975646653	2.91260433001774
Chrom_50_4_b_A11	body	crvi	Chrom_50_4_b	4.05971336803601	-4.64174134759895	4.23896216615017	1.67735604261399
Chrom_40_1_b_E6	body	control	Chrom_40_1_b	4.22840383786258	-3.11216718228702	2.96269876579441	1.28201579171319
Chrom_40_4_b_G1	body	control	Chrom_40_4_b	4.36152616987523	-2.54326924627088	3.67566591426506	1.5192819734828
Chrom_50_1_b_D5	body	crvi	Chrom_50_1_b	4.9576405780899	-2.31694453268445	3.58983253176493	2.07585666389714
Chrom_50_2_b_E9	body	crvi	Chrom_50_2_b	4.21049214246341	-3.1846797648917	2.20413611436654	0.398154223976275
Chrom_40_4_b_H11	body	control	Chrom_40_4_b	3.60680818115969	-3.90924956918658	1.93559887235979	0.987400638175911
Chrom_50_2_b_F8	body	crvi	Chrom_50_2_b	4.67202848200023	-3.05208846370764	3.93745747441413	-1.66117814902604
Chrom_40_2_b_D7	body	control	Chrom_40_2_b	4.21855626493669	-3.64291287496894	1.81075338497527	0.438953274107231
Chrom_50_3_b_F7	body	crvi	Chrom_50_3_b	3.09809089616457	-4.15450685689892	4.13516226008774	2.76269180945142
Chrom_50_3_b_F9	body	crvi	Chrom_50_3_b	3.58218320005837	-4.14547414730642	3.77688391045011	2.0150617580259
Chrom_40_3_b_A2	body	control	Chrom_40_3_b	4.04478743866352	-2.91124941367369	3.04721345267833	1.83196546059133
Chrom_50_2_b_F11	body	crvi	Chrom_50_2_b	6.93436644130172	-4.88538243664742	3.33870061298193	2.29510500990036
Chrom_40_4_b_C1	body	control	Chrom_40_4_b	5.10780967718283	-2.35322935462741	3.82175936134125	1.08530678618274
Chrom_50_2_b_C9	body	crvi	Chrom_50_2_b	4.46938562737417	-1.06456075081573	2.13360314338615	2.23136113736964
Chrom_40_4_b_G4	body	control	Chrom_40_4_b	3.79712164050788	-2.81554434307084	3.97106661318846	2.11750726620258
Chrom_40_4_b_E5	body	control	Chrom_40_4_b	4.28379001766689	-2.65134753697885	3.68564366154084	1.31861683114059
Chrom_40_1_b_F12	body	control	Chrom_40_1_b	4.39517361509847	-3.85754977218642	2.88384615337337	-0.33808791646482
Chrom_40_3_b_D6	body	control	Chrom_40_3_b	3.8868686168407	-3.09011460516986	3.90080802820468	2.07342757433105
Chrom_50_2_b_E8	body	crvi	Chrom_50_2_b	4.24339799564477	-2.46706632107403	2.95492603121	-0.124175823129154
Chrom_50_2_b_F5	body	crvi	Chrom_50_2_b	4.94595173026416	-1.67255557747635	3.90716796704373	0.073530071316378
Chrom_50_4_b_C1	body	crvi	Chrom_50_4_b	3.72563520121378	-4.72193248868641	3.83106587010936	2.62768266729446
Chrom_50_3_b_G5	body	crvi	Chrom_50_3_b	2.96880801065198	-4.911267110525	3.48067577094541	2.38903832513316
Chrom_40_1_b_G3	body	control	Chrom_40_1_b	4.34824947015878	-3.07207690520864	-1.23340947318126	3.41104026323053
Chrom_50_4_b_H1	body	crvi	Chrom_50_4_b	3.65855408450626	-5.22933737064845	4.01545396401911	1.80965588239848
Chrom_40_4_b_B12	body	control	Chrom_40_4_b	4.08052530913159	-2.70187387895464	2.47730142052847	2.08012084311013
Chrom_50_4_b_F7	body	crvi	Chrom_50_4_b	5.80054404195753	-3.79466560210538	4.83656742356747	1.49025576034399
Chrom_50_1_b_B11	body	crvi	Chrom_50_1_b	4.75560280612257	-2.05177311353674	4.02191119876745	1.51738527302032
Chrom_50_1_b_H9	body	crvi	Chrom_50_1_b	4.49675637814918	-3.39806761816366	3.33623305807451	0.71275220947153
Chrom_40_1_b_A9	body	control	Chrom_40_1_b	4.05306601018055	-3.35707284037901	2.44496582977984	1.41243994356322
Chrom_50_1_b_E10	body	crvi	Chrom_50_1_b	5.39906023645104	-3.08089315802353	3.11124620479634	-0.169901803173538
Chrom_50_4_b_G6	body	crvi	Chrom_50_4_b	6.60062683527122	-4.78515458558774	3.47265817760763	1.77036840222877
Chrom_40_2_b_F4	body	control	Chrom_40_2_b	5.44804892527941	-2.68500896856452	1.92879017582359	0.684199989579491
Chrom_40_2_b_C12	body	control	Chrom_40_2_b	5.19772966922028	-2.31457929262607	-0.799375152987081	1.55320689219108
Chrom_40_1_b_E5	body	control	Chrom_40_1_b	4.57222481896979	-2.39408452778989	3.48368989969	1.22707356544063
Chrom_50_4_b_D12	body	crvi	Chrom_50_4_b	4.27573272411544	-4.54540221490877	4.0214607061417	1.81618651682622
Chrom_40_4_b_F3	body	control	Chrom_40_4_b	4.74027356067377	-2.45244486825462	4.14142236825825	0.853789676794375
Chrom_40_1_b_C7	body	control	Chrom_40_1_b	3.70436885428054	-2.93369890357131	2.30340845867276	3.99295595432498
Chrom_50_2_b_C7	body	crvi	Chrom_50_2_b	3.76659603793501	-3.41956634931063	1.48270811106072	0.0612157101616365
Chrom_40_2_b_A10	body	control	Chrom_40_2_b	3.91752157226425	-4.01178825205736	2.98192747357336	-0.00155330442385562
Chrom_50_3_b_B5	body	crvi	Chrom_50_3_b	3.13609071956303	-3.8693319875668	3.59715927877211	2.83032444405555
Chrom_40_2_b_C2	body	control	Chrom_40_2_b	4.36664994214493	-2.95995001478892	2.12245188346865	0.383615886999728
Chrom_40_4_b_F10	body	control	Chrom_40_4_b	4.37147606105652	-2.66374469053197	4.12756311778587	1.40389096838294
Chrom_40_1_b_E11	body	control	Chrom_40_1_b	4.43632821368462	-2.52916802902401	3.59078576685907	1.63688673826804
Chrom_40_1_b_D5	body	control	Chrom_40_1_b	3.86647310321268	-2.87527729431578	3.82397058153254	1.59220966867781
Chrom_40_2_b_C8	body	control	Chrom_40_2_b	3.65918504842778	-4.82770736744508	0.956786003747045	-0.204733579537375
Chrom_40_1_b_F10	body	control	Chrom_40_1_b	4.62788065374291	-2.56040686461573	3.42597598812389	1.30999033577432
Chrom_40_1_b_F3	body	control	Chrom_40_1_b	4.28975173620936	-3.25027234634166	3.03953851058077	0.859166777785344
Chrom_50_4_b_G12	body	crvi	Chrom_50_4_b	4.23453159902561	-4.75814018431569	3.39583919711887	2.03786584326027
Chrom_40_3_b_E12	body	control	Chrom_40_3_b	4.09545501360963	-2.83546749545678	4.2521550100241	2.13841390475682
Chrom_40_2_b_F1	body	control	Chrom_40_2_b	6.47186769504151	-3.85211698816992	3.61691904016385	1.6864639288556
Chrom_50_1_b_B6	body	crvi	Chrom_50_1_b	4.2680815936053	-2.28791999770358	3.7142896369028	1.67471148625025
Chrom_50_3_b_H11	body	crvi	Chrom_50_3_b	3.73402957759507	-3.8289602035981	2.85819865092887	2.36775822644635
Chrom_50_4_b_D10	body	crvi	Chrom_50_4_b	6.01943623416155	-4.65784028902831	4.27769649969728	0.978618654623386
Chrom_40_1_b_C12	body	control	Chrom_40_1_b	3.87476534594919	-3.76560203570147	3.42194249702334	1.06489490945353
Chrom_40_2_b_B12	body	control	Chrom_40_2_b	5.55428914116127	-2.9652967827953	1.48168795873948	0.71970595036281
Chrom_40_4_b_H1	body	control	Chrom_40_4_b	4.12011703327164	-3.46511758769624	3.04759183374017	0.255956672486279
Chrom_50_3_b_A5	body	crvi	Chrom_50_3_b	3.0493311388716	-5.08292272997231	3.01733685721866	1.99202292867663
Chrom_50_4_b_D6	body	crvi	Chrom_50_4_b	6.74869732018467	-4.94652768955371	3.48125778162282	2.33162580528828
Chrom_50_1_b_A9	body	crvi	Chrom_50_1_b	4.69673135140647	-3.07048660900485	3.24649491777425	0.51433179659628
Chrom_40_3_b_A12	body	control	Chrom_40_3_b	5.43922455296761	-2.3120362072959	0.394122838693249	3.11092676254579
Chrom_40_1_b_G5	body	control	Chrom_40_1_b	5.82421395770232	-3.26103319149857	1.73418043654299	1.20846427499767
Chrom_40_2_b_H12	body	control	Chrom_40_2_b	3.87931441079382	-2.60299660596507	1.52812366158385	1.64644942522034
Chrom_40_4_b_F8	body	control	Chrom_40_4_b	3.70643532088718	-2.95345301782712	3.91574762302861	2.02157593965156
Chrom_50_2_b_A1	body	crvi	Chrom_50_2_b	6.85466242661825	-4.42862363849991	3.2159334250679	2.31734425917224
Chrom_50_3_b_E2	body	crvi	Chrom_50_3_b	4.37242184556806	-3.16903761702154	4.13070968198589	2.19102718675888
Chrom_50_2_b_B11	body	crvi	Chrom_50_2_b	6.77871579220637	-4.16876092063365	3.38448081433832	2.10487229725364
Chrom_40_3_b_F10	body	control	Chrom_40_3_b	4.12024794547689	-3.06083033114938	4.68314035596786	1.65355555251973
Chrom_50_4_b_E5	body	crvi	Chrom_50_4_b	6.97268844955472	-5.56231921419038	3.50894434225792	2.68271737318049
Chrom_50_2_b_E2	body	crvi	Chrom_50_2_b	6.90188151482649	-4.52277859458381	3.40486582926353	2.40774688550215
Chrom_40_2_b_D4	body	control	Chrom_40_2_b	4.33721092919758	-2.97889235499455	0.615643251476178	1.69349859441939
Chrom_40_4_b_A9	body	control	Chrom_40_4_b	3.65547572933273	-3.28364827494349	3.23781617382223	1.93786327442258
Chrom_50_1_b_C3	body	crvi	Chrom_50_1_b	4.78775355937345	-2.30903816441115	4.05531466376226	2.29363225770989
Chrom_40_4_b_G8	body	control	Chrom_40_4_b	3.33013963955343	-4.32839893944538	3.14971152287853	1.14312157552843
Chrom_50_4_b_F10	body	crvi	Chrom_50_4_b	4.78270512107876	-3.83063045253065	4.29020282192877	2.21497246964159
Chrom_50_3_b_A8	body	crvi	Chrom_50_3_b	3.20930901095713	-4.43060117636791	2.98289032428615	2.76002267386327
Chrom_50_1_b_E9	body	crvi	Chrom_50_1_b	5.49179941387655	-2.44163998809678	2.95042758956788	0.578142341762829
Chrom_40_4_b_E2	body	control	Chrom_40_4_b	4.61100596090807	-2.28401011270039	4.4264073061868	1.6728258599232
Chrom_50_4_b_D1	body	crvi	Chrom_50_4_b	3.75077537677686	-4.31185999348708	4.60872395975083	2.81233094244554
Chrom_50_3_b_F1	body	crvi	Chrom_50_3_b	6.50127704536829	-4.30019286960895	3.91947871323688	1.55202040712736
Chrom_40_4_b_B10	body	control	Chrom_40_4_b	4.71634078189491	-2.59825781508639	4.11550801539196	0.944747671841208
Chrom_50_3_b_D2	body	crvi	Chrom_50_3_b	3.67106694357015	-4.74965270874534	3.71380502286301	1.19780621734582
Chrom_40_3_b_A8	body	control	Chrom_40_3_b	3.74011260019756	-3.42309240784527	3.89348663832797	1.60896623200874
Chrom_40_1_b_E3	body	control	Chrom_40_1_b	4.75569877292991	-2.53714942063084	3.50383099133754	0.626080324227524
Chrom_50_3_b_D3	body	crvi	Chrom_50_3_b	3.39027189590726	-4.03907558295316	3.9061611544873	2.82169468751787
Chrom_50_3_b_E12	body	crvi	Chrom_50_3_b	3.99195623280861	-4.24734697731744	3.48800625138401	1.43954476996386
Chrom_40_2_b_E12	body	control	Chrom_40_2_b	5.33257102295216	-2.69283241181647	0.518335534865541	0.90441964949574
Chrom_40_3_b_E1	body	control	Chrom_40_3_b	4.01948740824615	-3.41640500422018	4.03374254146922	1.34999686465567
Chrom_50_4_b_B1	body	crvi	Chrom_50_4_b	3.58120151309089	-6.17603723395693	3.15356591255958	0.241688684341958
Chrom_40_3_b_A10	body	control	Chrom_40_3_b	3.74180013395789	-3.58290805654499	3.7507863614319	1.97844295372687
Chrom_50_2_b_D5	body	crvi	Chrom_50_2_b	4.80015561044615	-1.76782774124767	4.8890405426411	1.49042997742563
Chrom_40_2_b_C3	body	control	Chrom_40_2_b	3.90679102169891	-2.53158799721946	-0.426101599835203	3.00938066401128
Chrom_40_4_b_A10	body	control	Chrom_40_4_b	4.1023641554081	-3.90756221342255	2.65162603755414	0.578279127902782
Chrom_40_4_b_F1	body	control	Chrom_40_4_b	5.72294316663191	-2.36100756009096	3.85930171041013	0.536828489820757
Chrom_50_4_b_B12	body	crvi	Chrom_50_4_b	3.76984496975748	-4.31714342250649	3.48658383318133	3.01886389130291
Chrom_50_1_b_B5	body	crvi	Chrom_50_1_b	4.58259277959469	-2.72852736998647	3.42752526686839	1.17964866655289
Chrom_40_4_b_H12	body	control	Chrom_40_4_b	3.9994561082703	-2.43800401152402	3.19638950667328	2.12070480935416
Chrom_40_1_b_H3	body	control	Chrom_40_1_b	3.99363771065427	-3.39590362120045	3.31692775653026	1.22560231846328
Chrom_50_4_b_A4	body	crvi	Chrom_50_4_b	6.87244041966595	-5.30378081023645	3.14034599508386	2.42000482064374
Chrom_40_3_b_D11	body	control	Chrom_40_3_b	5.83658231270838	-3.58326956964391	3.27470775711189	-0.464697800173005
Chrom_50_2_b_D10	body	crvi	Chrom_50_2_b	5.43833392702603	-1.30561618697738	2.26311451564855	1.57887142081088
Chrom_50_3_b_B1	body	crvi	Chrom_50_3_b	5.37849862157309	-4.0836769828655	3.36601107271799	-0.502170160146999
Chrom_50_2_b_E1	body	crvi	Chrom_50_2_b	6.82525373297052	-4.3104325144152	2.84338011998883	2.15480986710944
Chrom_40_1_b_D3	body	control	Chrom_40_1_b	4.93582875383177	-2.51856520697413	3.64605279160904	0.514934834634135
Chrom_50_4_b_G10	body	crvi	Chrom_50_4_b	4.45418404080276	-5.99900326052349	4.13723234590138	-0.432166634292744
Chrom_50_4_b_F4	body	crvi	Chrom_50_4_b	7.03858435195612	-5.75960879944756	3.19082215263343	2.88634264715684
Chrom_40_3_b_E11	body	control	Chrom_40_3_b	4.27075430607435	-3.0557556607022	3.96634254074991	1.74029573014226
Chrom_50_2_b_A4	body	crvi	Chrom_50_2_b	4.50086926873868	-1.68230237357635	3.2677448470713	1.83728474728622
Chrom_50_3_b_A1	body	crvi	Chrom_50_3_b	3.54375705012329	-5.25083882048696	3.13920838333412	0.613089999281606
Chrom_40_4_b_B3	body	control	Chrom_40_4_b	4.88719717648671	-2.32348107813599	3.66083856361303	1.10929237259816
Chrom_40_2_b_G9	body	control	Chrom_40_2_b	5.66435744962501	-2.41766880398835	-0.0281342879083751	1.5678436622652
Chrom_50_4_b_D3	body	crvi	Chrom_50_4_b	6.92426558794047	-5.29849189494646	3.19893982429745	2.51573175540894
Chrom_40_2_b_F11	body	control	Chrom_40_2_b	4.71005541637039	-3.77586355736306	1.42179812649163	-0.393912459623448
Chrom_40_3_b_F3	body	control	Chrom_40_3_b	4.23134630638079	-2.50793194070176	3.87766258372704	2.214754886643
Chrom_50_1_b_B4	body	crvi	Chrom_50_1_b	4.4673137922899	-2.56556832758514	4.18112469267954	1.58223071344809
Chrom_50_1_b_G1	body	crvi	Chrom_50_1_b	4.52162459800259	-2.86237980888724	4.07052264251054	2.11434534650653
Chrom_50_4_b_E7	body	crvi	Chrom_50_4_b	4.35080073760611	-4.84979610842148	4.52634266029989	0.310676190408601
Chrom_50_3_b_G7	body	crvi	Chrom_50_3_b	2.75043327368141	-4.66384616146255	2.8342122867135	3.28058912555994
Chrom_40_3_b_C5	body	control	Chrom_40_3_b	3.71479484975705	-3.01882167011356	3.35215873473212	1.93175831360527
Chrom_40_1_b_H10	body	control	Chrom_40_1_b	4.37896411740003	-3.70683646572174	2.76995978667438	-0.313347405820857
Chrom_40_3_b_G3	body	control	Chrom_40_3_b	4.0808004877968	-3.01481066697913	3.47299976092741	1.92827434792522
Chrom_40_1_b_D2	body	control	Chrom_40_1_b	5.10251302332617	-2.29759636037981	3.90290982988111	1.30345258590249
Chrom_40_3_b_C7	body	control	Chrom_40_3_b	3.64762534386391	-3.38612398923309	4.27262662416937	2.05670546255705
Chrom_40_1_b_A2	body	control	Chrom_40_1_b	3.65848416116965	-3.49221821536064	2.37287242175234	2.44199764160468
Chrom_50_1_b_F11	body	crvi	Chrom_50_1_b	5.02003386203709	-2.6186157338266	3.19247066259029	0.933126041827234
Chrom_40_1_b_B1	body	control	Chrom_40_1_b	3.85032717551763	-3.1711600017032	2.94336087696702	2.3385496494682
Chrom_50_3_b_C10	body	crvi	Chrom_50_3_b	2.92449151533088	-5.75709477618201	3.27897591738926	1.20290387986297
Chrom_40_3_b_G9	body	control	Chrom_40_3_b	5.45613015040748	-2.46300273850514	4.50108545663875	0.444057699853606
Chrom_50_4_b_C9	body	crvi	Chrom_50_4_b	6.37290818813836	-4.0178496761882	3.60953793379607	2.2285219260443
Chrom_40_4_b_E12	body	control	Chrom_40_4_b	6.52192589876527	-3.99259107526547	3.25312477454714	1.58676525017456
Chrom_50_2_b_B1	body	crvi	Chrom_50_2_b	6.85153146329894	-4.52750277828616	3.30943773264604	2.33255238337162
Chrom_40_2_b_H3	body	control	Chrom_40_2_b	3.94422650481804	-4.31567482569716	0.85480275395089	-0.701494200507484
Chrom_50_2_b_G7	body	crvi	Chrom_50_2_b	4.77047978127567	-1.55489015267735	0.0668283228291977	0.701633940010713
Chrom_50_4_b_E6	body	crvi	Chrom_50_4_b	6.88441194773677	-5.28468199567824	3.07377466192596	2.51183270715944
Chrom_50_4_b_F2	body	crvi	Chrom_50_4_b	6.33926821817269	-3.89780054359577	4.40639656094372	2.58624543966187
Chrom_40_1_b_A11	body	control	Chrom_40_1_b	3.82477925303923	-3.31286943512134	3.35560101709054	1.96112934678641
Chrom_50_4_b_D11	body	crvi	Chrom_50_4_b	6.26696622708549	-3.45828778848525	4.67829116524443	2.43618007818791
Chrom_50_3_b_E9	body	crvi	Chrom_50_3_b	3.3792925694422	-4.26841134941992	3.62511494355861	2.5142511495815
Chrom_40_2_b_A4	body	control	Chrom_40_2_b	3.87873652499409	-3.20181771065655	2.75404733937557	1.40293849217409
Chrom_50_1_b_H11	body	crvi	Chrom_50_1_b	4.46733146464339	-3.41915814326569	2.59587845168982	0.348693619138697
Chrom_50_3_b_F3	body	crvi	Chrom_50_3_b	3.00714137387631	-3.98977964930772	3.04920333738702	3.9480689152373
Chrom_40_1_b_G1	body	control	Chrom_40_1_b	4.41528328888563	-3.07354022170226	3.33830695199529	0.625327773634492
Chrom_40_1_b_C5	body	control	Chrom_40_1_b	3.47452300829274	-3.67469968729388	2.1520011115417	2.38484947193712
Chrom_50_2_b_D3	body	crvi	Chrom_50_2_b	4.17492252466003	-1.87059110999839	0.849399873596722	1.83717075543352
Chrom_40_1_b_A10	body	control	Chrom_40_1_b	3.9670752466272	-3.00825171968599	3.74084921406658	2.66241440046939
Chrom_40_4_b_H8	body	control	Chrom_40_4_b	3.35600217224954	-4.38082198192945	2.58068647914715	0.955582925552383
Chrom_50_3_b_B8	body	crvi	Chrom_50_3_b	2.83550581238659	-4.62709860225815	3.08070872577604	2.93073465418775
Chrom_40_4_b_B11	body	control	Chrom_40_4_b	4.22790019576188	-3.36210478517569	3.55156599380608	0.123368553750588
Chrom_50_3_b_G6	body	crvi	Chrom_50_3_b	2.66801744635719	-5.713221686216	3.57310375670422	1.73854196095814
Chrom_40_4_b_H10	body	control	Chrom_40_4_b	4.14353690105558	-3.13735420611444	3.30640655489967	0.994605970479406
Chrom_40_3_b_A9	body	control	Chrom_40_3_b	3.79237836933548	-3.24344510234436	0.8927632843213	3.68695134816866
Chrom_50_1_b_D4	body	crvi	Chrom_50_1_b	5.32367392711604	-2.52239313384031	4.60490926083924	1.19636140289295
Chrom_50_2_b_A12	body	crvi	Chrom_50_2_b	6.88699036952161	-4.48961048289196	3.25628287281976	2.39310524232969
Chrom_50_2_b_G9	body	crvi	Chrom_50_2_b	6.24444199288952	-3.23523941928073	2.83450417277653	0.434657172986096
Chrom_50_2_b_F1	body	crvi	Chrom_50_2_b	7.0127656546633	-5.16664060607552	3.21454140361373	2.61194372881687
Chrom_50_3_b_H2	body	crvi	Chrom_50_3_b	5.91520620271125	-3.68515544826075	3.76530503649434	1.02962889232939
Chrom_50_4_b_B9	body	crvi	Chrom_50_4_b	4.33213037885925	-5.06706519574974	3.7204282324592	0.377472048335894
Chrom_50_3_b_D1	body	crvi	Chrom_50_3_b	5.85147936855742	-3.38231083458757	3.9686296784946	0.932217080855313
Chrom_40_2_b_G11	body	control	Chrom_40_2_b	4.42197112557419	-5.53326711913192	2.9097035038323	-0.647442838999257
Chrom_40_4_b_A5	body	control	Chrom_40_4_b	3.23971626385134	-4.55177264045967	2.34367892414605	1.32573642008506
Chrom_40_4_b_F11	body	control	Chrom_40_4_b	5.40986196072513	-2.55943568974976	2.30307765779394	0.971770829012184
Chrom_50_4_b_E4	body	crvi	Chrom_50_4_b	6.88872579768129	-5.21144364355662	2.90977566271399	2.53972584263762
Chrom_50_1_b_H7	body	crvi	Chrom_50_1_b	4.84124182357783	-4.15998560920987	2.69440292682952	0.880628360806847
Chrom_50_1_b_G10	body	crvi	Chrom_50_1_b	4.95441078467074	-2.16503321762436	3.72579797169617	2.1385982547997
Chrom_50_2_b_F3	body	crvi	Chrom_50_2_b	4.68702246704744	-1.13657212842186	2.18760282519382	1.13575171933527
Chrom_40_4_b_B5	body	control	Chrom_40_4_b	3.45626315275988	-6.06867939538221	2.5254079207085	-1.7392603023458
Chrom_50_1_b_F6	body	crvi	Chrom_50_1_b	4.46982118440164	-1.88089496039975	3.16383127991498	2.55506900311252
Chrom_50_4_b_A5	body	crvi	Chrom_50_4_b	6.839338539002	-5.18353836340711	3.21166909906991	2.35800276106511
Chrom_40_4_b_E6	body	control	Chrom_40_4_b	4.25958766697456	-3.25539456434515	-0.0140460231657039	1.1505979306601
Chrom_40_1_b_H8	body	control	Chrom_40_1_b	4.01592167558148	-3.22706600439363	2.67854615943645	1.34992768860719
Chrom_50_1_b_F4	body	crvi	Chrom_50_1_b	5.57669478676061	-2.52060762683277	4.03516354223462	0.924660209833957
Chrom_50_2_b_C6	body	crvi	Chrom_50_2_b	4.15102201373152	-1.77080643405813	2.65569231391876	2.20640944470574
Chrom_50_2_b_F4	body	crvi	Chrom_50_2_b	4.98056674048666	-2.01148949889013	3.21772773565599	-0.584874404101261
Chrom_40_4_b_G2	body	control	Chrom_40_4_b	4.40896991749697	-2.10853903327778	4.1984441582382	1.93364737464937
Chrom_50_4_b_A1	body	crvi	Chrom_50_4_b	3.70860390492433	-5.87933110251714	3.74440043023901	0.415921957802249
Chrom_40_1_b_C1	body	control	Chrom_40_1_b	4.62404082550108	-2.72710576107292	3.0369584331499	1.01382022449383
Chrom_50_4_b_D2	body	crvi	Chrom_50_4_b	5.25812689385142	-4.56863381489153	4.63680500372011	0.824463894593531
Chrom_50_4_b_C5	body	crvi	Chrom_50_4_b	6.86604210351839	-5.21544321757119	3.18021922021502	2.42180965706868
Chrom_50_4_b_G1	body	crvi	Chrom_50_4_b	6.02131186302142	-3.89777249617242	4.07569353767689	1.14109470347184
Chrom_40_1_b_C2	body	control	Chrom_40_1_b	4.18729281988433	-2.51058395534444	4.22030795302484	3.05506762138685
Chrom_50_2_b_B6	body	crvi	Chrom_50_2_b	4.53672590992793	-1.92092448590513	3.29105379267655	1.203073413227
Chrom_40_3_b_E8	body	control	Chrom_40_3_b	3.86667855509973	-2.99345566175524	2.58158315838175	2.4551160273278
Chrom_40_3_b_B6	body	control	Chrom_40_3_b	3.75154285548288	-3.97150478538015	1.33303526751152	1.00723206419407
Chrom_50_2_b_G5	body	crvi	Chrom_50_2_b	4.81867346894266	-2.33660336853822	2.68388583257994	-0.748024119241226
Chrom_50_3_b_A7	body	crvi	Chrom_50_3_b	2.83103865905237	-4.84859318677118	2.94705833953292	2.81396751631184
Chrom_40_2_b_E11	body	control	Chrom_40_2_b	4.21381047122455	-2.35219599884947	2.42763564313051	1.62471931626681
Chrom_40_4_b_E10	body	control	Chrom_40_4_b	4.29451173435757	-2.65663127654357	3.96491291909968	1.28184687759451
Chrom_50_3_b_H12	body	crvi	Chrom_50_3_b	4.64409049852202	-3.47541946097008	3.15912947835309	1.01107172218212
Chrom_40_3_b_E4	body	control	Chrom_40_3_b	5.80809031479122	-2.9353975041263	3.61204754663972	1.10752342654119
Chrom_40_3_b_E3	body	control	Chrom_40_3_b	4.29250045119308	-3.2801278950445	4.44866750095362	0.791613699187631
Chrom_50_3_b_E10	body	crvi	Chrom_50_3_b	3.15992743004026	-4.00111071271188	3.7401324656486	3.15293658777185
Chrom_40_4_b_G12	body	control	Chrom_40_4_b	3.83951870792079	-4.07881342735178	3.35877346318936	-0.0346717196352477
Chrom_50_1_b_D2	body	crvi	Chrom_50_1_b	4.81981171758391	-3.80950191495529	2.03870178135757	-0.0107554423507537
Chrom_40_2_b_F8	body	control	Chrom_40_2_b	4.4822296469389	-4.41088218278693	2.41639611864996	-0.9356871301672
Chrom_50_4_b_B3	body	crvi	Chrom_50_4_b	6.87026280341349	-5.51270852178628	3.45842562175965	2.21056997841023
Chrom_50_1_b_E4	body	crvi	Chrom_50_1_b	5.00318493833631	-2.20775374734478	4.11733771375907	2.38014209469481
Chrom_40_3_b_E9	body	control	Chrom_40_3_b	4.69916999124855	-2.58489622562453	3.52847873090502	1.78327669659792
Chrom_40_2_b_H5	body	control	Chrom_40_2_b	3.77767715115093	-3.40846485058392	2.96741499322954	0.738958356854464
Chrom_40_4_b_E3	body	control	Chrom_40_4_b	4.91601745810789	-3.04043825162078	2.92668470080089	-0.226356681165337
Chrom_40_1_b_C10	body	control	Chrom_40_1_b	4.62466206034636	-2.61140573607411	3.87534081306016	0.98387397507609
Chrom_40_1_b_D1	body	control	Chrom_40_1_b	4.70847273769056	-2.5894559853882	3.64714251005141	0.898538254903568
Chrom_50_1_b_B3	body	crvi	Chrom_50_1_b	5.43102789936237	-2.32896421670134	3.22849033484507	0.712630997084615
Chrom_40_1_b_F5	body	control	Chrom_40_1_b	4.25291398477484	-2.6488779995452	3.38323202978095	2.63767220837071
Chrom_50_4_b_D8	body	crvi	Chrom_50_4_b	5.43642965797209	-3.70577785053404	4.66648490473358	1.87090936068215
Chrom_50_4_b_H9	body	crvi	Chrom_50_4_b	4.37269007201977	-4.34945642662098	4.08221226241828	1.86744710472074
Chrom_50_2_b_F10	body	crvi	Chrom_50_2_b	4.6498563432477	-1.69249388830925	2.43589297035541	0.852143133844489
Chrom_40_1_b_C4	body	control	Chrom_40_1_b	4.09925992328359	-2.53187079301727	3.29765536503816	2.16513785490887
Chrom_40_4_b_D4	body	control	Chrom_40_4_b	4.33019130581264	-2.86543716334944	4.09334521018893	0.657904858859392
Chrom_50_1_b_E5	body	crvi	Chrom_50_1_b	5.01600696929714	-3.06246994290465	4.81366013118138	0.55370503515527
Chrom_50_2_b_F12	body	crvi	Chrom_50_2_b	6.83195199735974	-4.32120741010468	3.27320780916922	2.36577237656431
Chrom_40_4_b_B6	body	control	Chrom_40_4_b	3.40177573328498	-4.22742496979096	0.97013126344396	1.00104220361679
Chrom_50_4_b_H2	body	crvi	Chrom_50_4_b	5.36389735310925	-3.81446540738166	4.19550570955822	1.55778159956037
Chrom_40_4_b_D12	body	control	Chrom_40_4_b	4.12792818763228	-2.60913937575168	1.75140213001235	3.8459937463565
Chrom_40_4_b_G7	body	control	Chrom_40_4_b	3.46685165982212	-3.36115592737057	3.02630377470038	2.12612503596358
Chrom_40_2_b_A8	body	control	Chrom_40_2_b	3.95233106951561	-3.06466725158794	1.56917960182133	1.59255149860939
Chrom_40_4_b_C11	body	control	Chrom_40_4_b	4.88803832938374	-2.23858547452671	4.34706194840847	1.41891664796322
Chrom_40_1_b_E10	body	control	Chrom_40_1_b	4.87741519070976	-2.33606679192437	4.02779217242914	0.723633196572439
Chrom_50_1_b_A3	body	crvi	Chrom_50_1_b	4.69393862906694	-2.46535120400108	3.90729011147339	2.0739957153057
Chrom_40_2_b_H6	body	control	Chrom_40_2_b	4.07900976915261	-3.41764595528555	3.79344813327139	1.48788478056955
Chrom_50_3_b_C5	body	crvi	Chrom_50_3_b	3.16583099460463	-4.52071639534977	2.76951520427958	2.64155006648363
Chrom_40_3_b_F2	body	control	Chrom_40_3_b	4.37205931390226	-3.60348321465203	2.33554823455676	0.884744720161707
Chrom_40_1_b_D8	body	control	Chrom_40_1_b	4.06313821745446	-2.62371401548147	2.79062584550775	2.37200998987636
Chrom_40_1_b_A8	body	control	Chrom_40_1_b	4.0419317209836	-3.68008658530306	2.68196965963592	0.820537873380049
Chrom_40_4_b_C6	body	control	Chrom_40_4_b	3.18055358035878	-4.45218775843056	1.87418681806949	1.04330812432523
Chrom_40_1_b_D12	body	control	Chrom_40_1_b	3.77157473595162	-3.13479844533798	3.14063456590447	2.5421215166215
Chrom_50_1_b_E8	body	crvi	Chrom_50_1_b	4.80942746969051	-2.28831837012667	2.81893852607511	1.61238400463262
Chrom_50_4_b_E3	body	crvi	Chrom_50_4_b	6.96769601748762	-5.61456759874907	3.18228386981268	2.61958181276407
Chrom_50_2_b_G6	body	crvi	Chrom_50_2_b	4.21687262949312	-2.99507665086015	2.62735463677165	-0.163533196671807
Chrom_40_1_b_H4	body	control	Chrom_40_1_b	4.00263760859081	-2.76872098031018	3.89314473168419	1.82052092036652
Chrom_40_1_b_E8	body	control	Chrom_40_1_b	4.03338195225902	-2.61055043367608	3.11306388076916	2.30333662505893
Chrom_50_1_b_F1	body	crvi	Chrom_50_1_b	5.8643592558047	-1.97202254695124	3.33599870282596	1.35608086973099
Chrom_50_3_b_C3	body	crvi	Chrom_50_3_b	3.80539056052788	-5.49514923094338	3.6603135407832	-0.6356317927842
Chrom_50_4_b_G5	body	crvi	Chrom_50_4_b	6.70323252882625	-4.94186636155796	3.75338845404551	2.06215134847946
Chrom_40_4_b_A4	body	control	Chrom_40_4_b	3.50649454393127	-3.41048399254009	2.3692904479776	3.08318640671854
Chrom_40_4_b_A8	body	control	Chrom_40_4_b	3.64358492382297	-3.05859041326052	3.74237346709706	2.15070123649911
Chrom_40_1_b_A7	body	control	Chrom_40_1_b	3.54475687856769	-3.57944013677732	2.66150384951669	2.72615279685945
Chrom_40_3_b_F11	body	control	Chrom_40_3_b	4.13374938243609	-3.52649019498775	1.94955477715373	2.05449628598784
Chrom_40_1_b_H1	body	control	Chrom_40_1_b	4.52527521090393	-2.611033012696	3.92347333732039	1.29576348496567
Chrom_50_2_b_E3	body	crvi	Chrom_50_2_b	4.59171315139024	-1.36165673944193	3.55393298410961	0.765093445025337
Chrom_40_1_b_C9	body	control	Chrom_40_1_b	3.84311500938507	-3.02468241635083	3.51882784794614	2.16483584819368
Chrom_40_3_b_G11	body	control	Chrom_40_3_b	4.54915097612448	-3.4748640519502	1.87926772187912	0.861156250428833
Chrom_40_2_b_B6	body	control	Chrom_40_2_b	3.30894655558534	-4.44100642715879	1.15258682501379	1.03960145410724
Chrom_40_4_b_F9	body	control	Chrom_40_4_b	4.43482634460993	-2.32594687745252	4.36595023431292	1.36564590917778
Chrom_40_2_b_F9	body	control	Chrom_40_2_b	4.68331564445182	-3.74767225780076	2.45446490315777	-0.759659122047313
Chrom_40_2_b_H2	body	control	Chrom_40_2_b	3.856138290228	-3.45415433504979	2.25356058410591	1.49312369657067
Chrom_40_3_b_H10	body	control	Chrom_40_3_b	4.17729228248241	-3.59492586276678	1.6176752266033	2.10803402864348
Chrom_40_1_b_H2	body	control	Chrom_40_1_b	5.52643244086223	-2.83638840058279	3.46358015264935	0.843417907748148
Chrom_40_2_b_D3	body	control	Chrom_40_2_b	3.9768424101486	-3.4356129901221	1.78987223132444	0.264598733507773
Chrom_50_1_b_E6	body	crvi	Chrom_50_1_b	5.18908864890107	-2.16928336225784	3.62848063391916	1.64145844769751
Chrom_40_1_b_G6	body	control	Chrom_40_1_b	3.48670052456355	-4.45841013547948	2.69995657912172	0.679671590803073
Chrom_40_3_b_F6	body	control	Chrom_40_3_b	4.9881639396247	-2.69789044172151	2.51319829299377	0.452045650039817
Chrom_50_2_b_C10	body	crvi	Chrom_50_2_b	5.40842715722789	-1.35821204685837	3.35230003670286	0.901991554441681
Chrom_40_4_b_C2	body	control	Chrom_40_4_b	5.14111505933447	-3.04196274190098	2.38983167443809	-0.389313604694314
Chrom_50_3_b_E8	body	crvi	Chrom_50_3_b	2.93447585237566	-4.09066038474867	3.44463015274495	3.17957515031553
Chrom_50_2_b_H6	body	crvi	Chrom_50_2_b	4.46406407320543	-2.61169242559174	2.87314648666263	-0.44856573185763
Chrom_40_1_b_C8	body	control	Chrom_40_1_b	4.49468649374103	-2.24733958416571	3.48791022875841	1.6367413269045
Chrom_50_1_b_G8	body	crvi	Chrom_50_1_b	4.25960937355409	-3.50487283925773	4.11017455773711	1.40488703449133
Chrom_50_4_b_C8	body	crvi	Chrom_50_4_b	4.74536330391382	-4.64802200453982	3.68922840032074	0.692624314638481
Chrom_50_1_b_A2	body	crvi	Chrom_50_1_b	4.54887151116451	-2.73011481280553	3.7166012451104	1.50710565691216
Chrom_40_1_b_D10	body	control	Chrom_40_1_b	4.46591286720239	-3.23281292407525	3.01527264383729	0.17713647721926
Chrom_50_2_b_A2	body	crvi	Chrom_50_2_b	6.76763246257308	-4.09375795225008	3.43242407879644	2.14535417434803
Chrom_50_4_b_F5	body	crvi	Chrom_50_4_b	6.93491873719192	-5.37817472558276	3.30803954762741	2.53678900600828
Chrom_40_3_b_A4	body	control	Chrom_40_3_b	3.62557031769729	-3.65271303470831	3.61821105440838	1.5583220683956
Chrom_50_3_b_G3	body	crvi	Chrom_50_3_b	2.87662195848999	-5.61724152879344	2.71720096222184	1.4997433556195
Chrom_50_3_b_B9	body	crvi	Chrom_50_3_b	3.72715122900992	-4.84578982111949	3.010365505102	0.381745932888139
Chrom_40_1_b_F8	body	control	Chrom_40_1_b	4.08208955550961	-3.05362385258656	2.89181056892157	1.82250397959181
Chrom_50_1_b_G12	body	crvi	Chrom_50_1_b	4.73675374398164	-2.93397038229965	3.44982798533734	0.0416255054625328
Chrom_50_1_b_C9	body	crvi	Chrom_50_1_b	4.88746963854484	-2.12918921022058	3.9309296800652	1.14247982598374
Chrom_40_2_b_D5	body	control	Chrom_40_2_b	5.18618046258066	-4.58470886986756	2.54853446926087	0.0492734366434316
Chrom_50_4_b_B11	body	crvi	Chrom_50_4_b	3.86653692553456	-4.86081687860876	3.8564659455248	1.57564062097086
Chrom_50_1_b_E12	body	crvi	Chrom_50_1_b	4.8648994509861	-2.26944000128086	3.47351446019771	1.16513374627842
Chrom_50_2_b_C3	body	crvi	Chrom_50_2_b	6.92603911205762	-4.71235848665265	3.28393806278265	2.48310212983988
Chrom_50_3_b_G2	body	crvi	Chrom_50_3_b	5.57595216498447	-3.58151654315383	3.44892387285848	0.696587870893986
Chrom_50_4_b_A3	body	crvi	Chrom_50_4_b	6.44585822002384	-4.71755400820322	3.92750729006124	1.47629091252411
Chrom_50_2_b_F6	body	crvi	Chrom_50_2_b	4.29645439442181	-1.42667276453137	1.55914735752938	2.10688531637204
Chrom_40_1_b_D4	body	control	Chrom_40_1_b	4.49608455417103	-2.8392401167652	3.19838714538632	0.932262283744661
Chrom_50_3_b_B12	body	crvi	Chrom_50_3_b	4.8783684241843	-3.1884490762295	3.41330537272613	1.43985557981006
Chrom_40_2_b_B10	body	control	Chrom_40_2_b	3.76907275783789	-2.59623223357028	2.25516543915625	1.95949487390155
Chrom_40_4_b_F4	body	control	Chrom_40_4_b	4.5599779187937	-3.56113576666677	2.43289569490835	0.00825148440805124
Chrom_40_1_b_E9	body	control	Chrom_40_1_b	4.7175715952212	-2.40680733742783	3.41797694199886	1.46781470471691
Chrom_40_2_b_E1	body	control	Chrom_40_2_b	5.31528810478127	-3.46567739039184	3.69577542833083	0.762063457820843
Chrom_50_1_b_D1	body	crvi	Chrom_50_1_b	5.32693898223206	-2.52631417010139	3.56322224131619	0.344203807567046
Chrom_50_3_b_B3	body	crvi	Chrom_50_3_b	3.68944186747126	-5.31635960017929	2.82285758392147	-0.158900208527827
Chrom_50_3_b_F12	body	crvi	Chrom_50_3_b	5.97127641116861	-3.93177868964683	3.66750423210394	0.429451084799589
Chrom_40_4_b_G3	body	control	Chrom_40_4_b	4.05840698540551	-2.56907886290905	3.70186686563543	1.851685563939
Chrom_40_2_b_H9	body	control	Chrom_40_2_b	7.11438486440434	-5.9583605639262	2.9432132329328	2.99630711204955
Chrom_40_4_b_C3	body	control	Chrom_40_4_b	5.35828373437532	-2.99343869576801	1.618751056604	-0.0663242207913141
Chrom_50_4_b_F9	body	crvi	Chrom_50_4_b	6.42536026218768	-4.27890576755441	3.9794264987908	1.80234190168199
Chrom_50_2_b_B12	body	crvi	Chrom_50_2_b	6.77152271178707	-4.12748430241917	3.34496447218017	2.04025848644268
Chrom_50_3_b_C12	body	crvi	Chrom_50_3_b	3.99767018471886	-4.60399497116344	3.25017533635628	1.08299680898195
Chrom_40_2_b_A2	body	control	Chrom_40_2_b	3.63677297950297	-3.52342205737191	1.73171481336503	1.23991326749956
Chrom_40_2_b_F5	body	control	Chrom_40_2_b	4.55706898789784	-3.39779146234646	1.32928471921155	0.734728346873361
Chrom_40_3_b_A7	body	control	Chrom_40_3_b	3.55744188026852	-3.64157641120938	2.45273332737395	2.57589498499217
Chrom_50_4_b_A10	body	crvi	Chrom_50_4_b	6.8180526624057	-5.22662963977681	3.374745908411	2.13721571387655
Chrom_40_4_b_D11	body	control	Chrom_40_4_b	4.3223259850862	-3.20864425179291	3.74036358031517	0.40721084894619
Chrom_40_3_b_B12	body	control	Chrom_40_3_b	3.98591436802056	-2.4336305349289	3.03895090669642	3.06043451155705
Chrom_40_2_b_F10	body	control	Chrom_40_2_b	5.2097463092277	-3.21211827585324	1.82886038850691	0.26325628466706
Chrom_50_2_b_H12	body	crvi	Chrom_50_2_b	6.83665758719992	-4.41597966370862	3.36646893809087	2.24289293178851
Chrom_50_1_b_D6	body	crvi	Chrom_50_1_b	4.60540009994203	-2.47865743787236	4.09027963309699	2.3844646165878
Chrom_50_2_b_A3	body	crvi	Chrom_50_2_b	7.00034982974485	-5.17947104298678	3.31796626436989	2.55012224848122
Chrom_40_4_b_F7	body	control	Chrom_40_4_b	3.57189084043373	-3.41731225764585	3.66168626125715	1.49317005638706
Chrom_50_1_b_B10	body	crvi	Chrom_50_1_b	4.82564604056113	-2.5472442044938	3.7795173787968	1.31715113705548
Chrom_50_3_b_H4	body	crvi	Chrom_50_3_b	3.11240794836092	-4.26721693903381	3.04455050987687	2.26721064768485
Chrom_50_3_b_A4	body	crvi	Chrom_50_3_b	3.52992178892208	-4.92513639488626	4.06008527932823	0.66463391006853
Chrom_50_3_b_C4	body	crvi	Chrom_50_3_b	2.92719266363883	-4.97757843547091	3.97049644555301	1.94802740916486
Chrom_50_3_b_B11	body	crvi	Chrom_50_3_b	3.62448917511533	-4.5600494211268	3.36013883965407	1.58455969747837
Chrom_50_4_b_G7	body	crvi	Chrom_50_4_b	4.45856226780439	-4.04355596042388	3.52545914902064	2.22705658379375
Chrom_50_1_b_E7	body	crvi	Chrom_50_1_b	5.11047982744889	-2.25245146974521	3.97676397899176	1.02400872786437
Chrom_50_2_b_E6	body	crvi	Chrom_50_2_b	4.51934115374454	-1.74198205119302	2.83244965902421	1.16546322323335
Chrom_40_3_b_H9	body	control	Chrom_40_3_b	5.46084141079354	-2.84980957387534	1.58473610416649	0.868043105014303
Chrom_50_1_b_H12	body	crvi	Chrom_50_1_b	6.73208243488107	-4.27029698602815	3.57104772029464	2.07591578135204
Chrom_50_3_b_F5	body	crvi	Chrom_50_3_b	3.41718470672755	-4.70426310965693	4.42781021959784	1.85934595747037
Chrom_50_2_b_E11	body	crvi	Chrom_50_2_b	6.59551204411607	-3.28825851957172	2.61291824121151	2.23462628414935
Chrom_40_2_b_A9	body	control	Chrom_40_2_b	3.87067094813456	-2.79685179481814	2.53797727786313	1.91528985765246
Chrom_40_4_b_A2	body	control	Chrom_40_4_b	4.33041284722782	-2.40822607796946	3.9969917621375	1.74568252816943
Chrom_40_1_b_G2	body	control	Chrom_40_1_b	4.41361757136104	-2.38537417517405	4.15374201742476	1.36522124004599
Chrom_40_3_b_G7	body	control	Chrom_40_3_b	3.81160980338476	-3.04027273738556	3.63597024027149	2.49325859741297
Chrom_40_3_b_H12	body	control	Chrom_40_3_b	3.78229394000152	-3.06827482729846	4.16293971241616	2.02092380814085
Chrom_40_3_b_C10	body	control	Chrom_40_3_b	4.68358037762705	-2.57365174010209	4.40385979587411	1.55648547223513
Chrom_40_2_b_G2	body	control	Chrom_40_2_b	4.08042118782936	-2.79555523792433	1.9806482125565	0.605794830864299
Chrom_40_3_b_H2	body	control	Chrom_40_3_b	6.18918505444876	-3.29218156908157	3.7797489200024	1.41290372810226
Chrom_50_3_b_D7	body	crvi	Chrom_50_3_b	2.71141675315784	-5.21578274527063	2.71274044639457	1.5901534315567
Chrom_50_2_b_F9	body	crvi	Chrom_50_2_b	4.45464274722184	-2.4004957885998	2.12209074895958	0.048444134756176
Chrom_50_1_b_A8	body	crvi	Chrom_50_1_b	4.44216309460836	-3.53994794268679	2.80729425278673	0.247444601501766
Chrom_50_4_b_G2	body	crvi	Chrom_50_4_b	4.34694221877363	-4.68860734773772	3.3867675729446	2.00754956149068
Chrom_40_1_b_F6	body	control	Chrom_40_1_b	4.00954533451596	-3.4027522097066	2.95216452621771	0.740152577576874
Chrom_50_3_b_D11	body	crvi	Chrom_50_3_b	3.97302394650421	-3.21168762070477	2.60573573360547	2.62896186454686
Chrom_50_1_b_D7	body	crvi	Chrom_50_1_b	4.78092284601941	-2.48970495865614	2.84476441315544	0.887506601354047
Chrom_50_1_b_B2	body	crvi	Chrom_50_1_b	5.48456792497096	-2.73300984256104	2.63558149559448	0.581140078555415
Chrom_40_3_b_E2	body	control	Chrom_40_3_b	4.35200118552236	-3.22555625760441	4.64299582021502	0.844295358211557
Chrom_50_2_b_G3	body	crvi	Chrom_50_2_b	5.20022054357406	-1.34120530697508	1.99593490228751	1.13044305034646
Chrom_50_2_b_D12	body	crvi	Chrom_50_2_b	6.18044688106637	-2.10312378097921	3.21811867807743	1.43922512871321
Chrom_40_1_b_D6	body	control	Chrom_40_1_b	3.90752053033544	-3.17047936070141	3.17176588670455	2.13713141901702
Chrom_40_4_b_F12	body	control	Chrom_40_4_b	4.19037314171818	-2.36500796956022	4.22979733382474	2.31981639134154
Chrom_40_2_b_B4	body	control	Chrom_40_2_b	3.5849081994146	-2.96448606785745	1.18401521884327	2.45666302468822
Chrom_40_1_b_E1	body	control	Chrom_40_1_b	4.02359522386847	-4.85238098100441	3.48594155009579	-0.968214931896238
Chrom_40_4_b_D5	body	control	Chrom_40_4_b	4.18053959679129	-2.29784718361017	3.372712840376	3.06392083693359
Chrom_50_4_b_D4	body	crvi	Chrom_50_4_b	6.90910522510907	-5.30906747302517	3.20122602498865	2.54147006625362
Chrom_40_2_b_D1	body	control	Chrom_40_2_b	4.2952135548765	-2.90829042261424	1.48991738911321	2.11334264086521
Chrom_50_2_b_G4	body	crvi	Chrom_50_2_b	4.52101918606803	-1.69118522715383	3.41036475607805	1.25490355596996
Chrom_50_3_b_B7	body	crvi	Chrom_50_3_b	2.75423753671494	-4.7731185735516	2.84274807696078	2.80174574756898
Chrom_40_3_b_D10	body	control	Chrom_40_3_b	6.04615386663626	-2.71886236706773	4.06986143984104	1.01041671155146
Chrom_40_1_b_B10	body	control	Chrom_40_1_b	4.46998832121861	-2.46442386441544	1.27199550477969	2.85443888166988
Chrom_50_1_b_C2	body	crvi	Chrom_50_1_b	5.00139292797213	-2.04148874106289	3.93663785718789	1.51460899251033
Chrom_50_3_b_A12	body	crvi	Chrom_50_3_b	5.03006914352915	-3.26279379316933	3.57553995476897	0.641150240394127
Chrom_50_1_b_H8	body	crvi	Chrom_50_1_b	4.95854370011213	-2.50939345190247	3.2496790884348	0.298969105894288
Chrom_40_1_b_H5	body	control	Chrom_40_1_b	3.67199049774953	-4.32561447154506	3.09854827595419	-0.195062497293222
Chrom_50_2_b_B5	body	crvi	Chrom_50_2_b	4.11712256334806	-1.85367677644987	1.62094757399593	1.40576026101571
Chrom_50_1_b_E3	body	crvi	Chrom_50_1_b	5.06324146952619	-2.7783175726293	3.1298950021987	-0.0763838803945122
Chrom_40_4_b_D6	body	control	Chrom_40_4_b	3.2190080312102	-5.23829234511154	1.90431139792551	0.225823086182893
Chrom_50_4_b_A9	body	crvi	Chrom_50_4_b	6.86588688606275	-5.27940089741043	3.15603776947936	2.46234655206779
Chrom_40_3_b_H3	body	control	Chrom_40_3_b	4.21173651927771	-3.44187941592702	3.7621740552849	1.14579098483444
Chrom_50_4_b_G9	body	crvi	Chrom_50_4_b	7.12994790605929	-6.11001343046116	3.01838937139235	2.97326868747595
Chrom_40_2_b_D8	body	control	Chrom_40_2_b	3.57652112802295	-2.62445433882005	3.43734927868823	2.18077131302253
Chrom_50_2_b_B10	body	crvi	Chrom_50_2_b	5.00068730327591	-1.64593231863587	3.95783329448681	0.116527848514749
Chrom_50_4_b_D9	body	crvi	Chrom_50_4_b	5.32635971485906	-3.87268912588294	3.89227877071496	1.44928473222683
Chrom_50_2_b_H4	body	crvi	Chrom_50_2_b	4.62434724395558	-1.78623074963972	3.18011941038234	0.959604093620803
Chrom_50_4_b_C7	body	crvi	Chrom_50_4_b	6.73210613241768	-4.88095075324457	2.86593349237741	2.22978340261703
Chrom_50_2_b_B9	body	crvi	Chrom_50_2_b	4.7760984342626	-3.06329832906211	1.87203015135424	-2.10913603821895
Chrom_40_2_b_E4	body	control	Chrom_40_2_b	4.4638391132948	-3.5702459124658	2.06698055774618	0.538624986796317
Chrom_40_1_b_A3	body	control	Chrom_40_1_b	4.07822563255865	-2.63682674117871	4.71527065614886	3.0700524811488
Chrom_40_2_b_A1	body	control	Chrom_40_2_b	3.79642614384541	-4.14506829241957	1.71925525090219	-0.102685971918907
Chrom_40_2_b_H1	body	control	Chrom_40_2_b	4.00335446711866	-3.68973050117081	3.45269682218057	0.448493438906391
Chrom_50_4_b_E10	body	crvi	Chrom_50_4_b	5.20308219791659	-3.29535812384035	4.80052087688273	2.1965276545558
Chrom_40_2_b_D2	body	control	Chrom_40_2_b	4.40614265267394	-3.36947186229116	2.92608826417584	-0.0486992573693416
Chrom_50_3_b_D5	body	crvi	Chrom_50_3_b	3.05181685538863	-4.0613127372865	4.18398858663883	3.23062991776602
Chrom_40_4_b_A3	body	control	Chrom_40_4_b	4.43887621404328	-3.29868513524691	2.80090931793243	0.471355754746566
Chrom_40_2_b_H4	body	control	Chrom_40_2_b	4.6335677629551	-2.76685089214532	3.31913145379838	1.09310782893573
Chrom_50_1_b_H2	body	crvi	Chrom_50_1_b	4.51686659571697	-2.86368127048199	3.46254859577825	1.48890484762461
Chrom_40_2_b_D9	body	control	Chrom_40_2_b	4.4779586310307	-3.95377398209741	0.965062664719868	-0.502862833796768
Chrom_40_3_b_C6	body	control	Chrom_40_3_b	3.76226457498214	-3.03299558770162	4.06516445197662	2.00107227730249
Chrom_50_3_b_E5	body	crvi	Chrom_50_3_b	3.78310627233104	-3.58583192771287	4.01717389781831	2.621757210563
Chrom_40_4_b_H6	body	control	Chrom_40_4_b	3.14163704382596	-3.85433293160248	3.18740806731395	1.56951766162034
Chrom_40_4_b_D3	body	control	Chrom_40_4_b	5.00283934471127	-2.1847640249285	2.89557563903739	2.06755693367977
Chrom_40_2_b_F6	body	control	Chrom_40_2_b	4.38337981403811	-3.31880793267835	0.712135082276055	1.21484036923641
Chrom_50_3_b_G1	body	crvi	Chrom_50_3_b	5.60104462795162	-3.30534456816625	3.66149718725573	0.381488977544669
Chrom_50_2_b_H9	body	crvi	Chrom_50_2_b	5.39303802998754	-2.11743713284895	3.49756159525621	-0.59622979824782
Chrom_40_3_b_F12	body	control	Chrom_40_3_b	3.97037276059635	-2.94508304496568	4.4832315191102	2.14705348628231
Chrom_50_1_b_D12	body	crvi	Chrom_50_1_b	4.67370058187784	-2.14330959903013	3.58977572091388	1.0147144206485
Chrom_40_1_b_A5	body	control	Chrom_40_1_b	3.43917298122297	-3.62542122721476	2.6389295373453	1.95851831810963
Chrom_40_2_b_F2	body	control	Chrom_40_2_b	4.37928686882066	-3.16959455212366	3.89362688350068	0.196956284440922
Chrom_50_2_b_E5	body	crvi	Chrom_50_2_b	4.67132206128064	-2.29644811247559	3.79404118121293	-0.597965922645973
Chrom_50_3_b_H9	body	crvi	Chrom_50_3_b	3.11197141850437	-4.81201336823912	3.35180115482647	2.38389882964812
Chrom_40_2_b_B9	body	control	Chrom_40_2_b	3.94627902304418	-4.16872877184672	1.01313549318423	0.5341262947685
Chrom_50_1_b_A4	body	crvi	Chrom_50_1_b	4.82829647960413	-2.88814954494526	3.67833788946814	1.34706787259692
Chrom_40_2_b_B2	body	control	Chrom_40_2_b	6.64404192174681	-4.39881615676276	2.98019293961314	1.49591922846603
Chrom_50_1_b_C1	body	crvi	Chrom_50_1_b	6.62928005691777	-3.73934047583045	3.85398710275247	2.15473067501032
Chrom_40_3_b_G8	body	control	Chrom_40_3_b	3.72960627666013	-3.58004371085405	3.9240874691589	0.949812012801323
Chrom_40_4_b_G6	body	control	Chrom_40_4_b	3.99781687987067	-3.64516396939051	1.6083417682692	0.550864743083536
Chrom_40_2_b_G4	body	control	Chrom_40_2_b	4.72549724578184	-3.78079601033344	1.83427563912395	-0.668900543424099
Chrom_50_3_b_B10	body	crvi	Chrom_50_3_b	2.94608284899139	-5.20879760807843	2.76967875575726	2.14337803914344
Chrom_40_3_b_G12	body	control	Chrom_40_3_b	3.89656755066842	-4.33283029873408	3.35274820213227	0.0856691143341458
Chrom_50_1_b_C6	body	crvi	Chrom_50_1_b	4.19377866994002	-3.08130396872765	3.10601738736488	1.39976627450206
Chrom_50_4_b_H8	body	crvi	Chrom_50_4_b	5.59478520621466	-3.26005110553242	3.70464476665252	1.93367937678064
Chrom_50_4_b_H7	body	crvi	Chrom_50_4_b	4.05815611994965	-5.46013113568396	3.62988822242112	0.465792823230181
Chrom_50_2_b_D4	body	crvi	Chrom_50_2_b	4.76824470397835	-1.63783089857248	3.27643363211984	0.930991670960242
Chrom_50_3_b_B2	body	crvi	Chrom_50_3_b	5.474386829405	-3.66876874896538	3.66773809501403	-0.0214137179678858
Chrom_50_1_b_C12	body	crvi	Chrom_50_1_b	4.64066716193357	-3.36946877985847	2.14072301566962	0.594613940946571
Chrom_40_4_b_B8	body	control	Chrom_40_4_b	4.09402225154806	-3.06248140222319	3.47563490700886	1.1527131745382
Chrom_40_3_b_F9	body	control	Chrom_40_3_b	4.29076878869616	-2.80108442818815	4.10014838195638	1.71269323783601
Chrom_50_1_b_C4	body	crvi	Chrom_50_1_b	4.7430607143445	-2.77134961355498	4.02614148493611	1.13176736283305
Chrom_40_2_b_G3	body	control	Chrom_40_2_b	3.58116758146702	-4.67748395816108	0.552979676438324	-0.335359408720919
Chrom_40_3_b_C4	body	control	Chrom_40_3_b	4.02862707141579	-3.72950601291589	3.82841048287434	0.384535439339214
Chrom_40_1_b_E7	body	control	Chrom_40_1_b	4.23010443981064	-3.12400590207067	3.56088110137825	0.849363718161968
Chrom_40_2_b_C5	body	control	Chrom_40_2_b	5.03434894319949	-3.03412434229768	1.18277787643506	0.603453216794797
Chrom_40_4_b_E1	body	control	Chrom_40_4_b	5.30584636361873	-2.42757575596581	4.11126498077059	0.489105536805058
Chrom_50_3_b_D12	body	crvi	Chrom_50_3_b	3.67353208220435	-4.37486507315929	3.31987475316109	2.02795064340983
Chrom_50_4_b_E12	body	crvi	Chrom_50_4_b	3.93021257070066	-4.65512004997836	4.02732115021828	1.58864874759111
Chrom_40_1_b_F2	body	control	Chrom_40_1_b	4.43794344533163	-3.62695119042825	3.92457708005346	0.532529878525375
Chrom_40_1_b_H11	body	control	Chrom_40_1_b	4.42239640454613	-3.12487998551305	2.8967489775356	0.384064615291215
Chrom_40_1_b_C3	body	control	Chrom_40_1_b	4.36290973561045	-2.85771971780623	2.95043572576091	1.00356866325745
Chrom_50_2_b_E12	body	crvi	Chrom_50_2_b	6.87941061080084	-4.49718614677252	3.06143116060812	2.3550601780951
Chrom_40_4_b_C12	body	control	Chrom_40_4_b	4.25301059843267	-3.51630306621801	3.06906508368018	0.0464176295326859
Chrom_50_2_b_D7	body	crvi	Chrom_50_2_b	3.83698947153939	-3.42786247934602	1.36647345926887	-0.75430802297261
Chrom_50_2_b_C1	body	crvi	Chrom_50_2_b	6.97455732433344	-4.97462172969454	3.2802193494646	2.53083869387207
Chrom_40_1_b_F1	body	control	Chrom_40_1_b	5.81517140861434	-2.18269288674603	4.49891601713638	0.770175058237644
Chrom_50_4_b_E8	body	crvi	Chrom_50_4_b	6.53864168413286	-4.33248440244315	3.9570455204506	2.22609943739775
Chrom_50_4_b_G3	body	crvi	Chrom_50_4_b	6.78397574705501	-5.12290894557556	3.32871998769719	2.22319007165548
Chrom_50_2_b_G11	body	crvi	Chrom_50_2_b	6.83893376706308	-4.42074059683842	3.20398457535645	2.19365445648011
Chrom_40_2_b_F12	body	control	Chrom_40_2_b	4.05656481643482	-2.19914499069894	1.46898832533638	2.45958516703567
Chrom_50_3_b_H10	body	crvi	Chrom_50_3_b	3.20101596904209	-5.51461792924616	3.30638077141071	0.966414013170431
Chrom_40_3_b_C11	body	control	Chrom_40_3_b	4.62994578095588	-3.07433958740197	4.6167404088194	0.811975042602249
Chrom_40_3_b_D12	body	control	Chrom_40_3_b	4.65662300108371	-2.78643173387641	4.56429606757792	1.2445811187197
Chrom_50_1_b_A12	body	crvi	Chrom_50_1_b	4.41345892760369	-3.35057182053705	3.35446180230443	0.146881010616422
Chrom_50_3_b_G9	body	crvi	Chrom_50_3_b	4.46265707957914	-5.07289430887069	4.3316130690161	-0.655444434315353
Chrom_40_1_b_G12	body	control	Chrom_40_1_b	4.06624361508541	-2.98686166665396	2.73196835393904	1.96527106783117
Chrom_50_3_b_D6	body	crvi	Chrom_50_3_b	3.19055472704494	-4.09334087788616	4.09872326467216	3.28910449373389
Chrom_40_4_b_A6	body	control	Chrom_40_4_b	3.30264204231303	-4.30212859302387	1.94693925529154	1.7025310260038
Chrom_40_3_b_H4	body	control	Chrom_40_3_b	3.69409847003552	-3.17873552625016	4.33631079907143	2.06001886824724
Chrom_50_3_b_B6	body	crvi	Chrom_50_3_b	2.91962105279623	-5.5182452535171	3.29944623457146	0.864783528246192
Chrom_50_4_b_F6	body	crvi	Chrom_50_4_b	6.63299798940309	-4.53616946299843	2.22084331194305	2.25371368452266
Chrom_50_1_b_G11	body	crvi	Chrom_50_1_b	5.10216673153475	-2.43843069372606	3.32379511319081	0.859721081298407
Chrom_40_1_b_B2	body	control	Chrom_40_1_b	4.43756146751484	-4.04155893229362	4.15858677149268	0.490279975902771
Chrom_40_4_b_D2	body	control	Chrom_40_4_b	5.11182587632829	-3.13669463784437	2.98525598569668	0.182086733187503
Chrom_40_3_b_D2	body	control	Chrom_40_3_b	4.4050531912236	-2.99553593561169	4.39433840566209	1.36941328464849
Chrom_40_1_b_C6	body	control	Chrom_40_1_b	3.57269077187055	-3.31089279654478	3.63275586981142	1.62648139134661
Chrom_40_3_b_G1	body	control	Chrom_40_3_b	4.2252715899497	-3.05156964694975	4.21781020025448	0.971269279828786
Chrom_50_1_b_F10	body	crvi	Chrom_50_1_b	5.04712331529946	-2.8787927184792	2.96987204987247	0.73212351842708
Chrom_40_1_b_H12	body	control	Chrom_40_1_b	3.87299415006982	-3.72777370558761	3.54857734453462	0.327771431396121
Chrom_40_1_b_C11	body	control	Chrom_40_1_b	4.70060203339875	-2.06960825781258	4.56158025966033	2.27919795865023
Chrom_50_4_b_E11	body	crvi	Chrom_50_4_b	4.243331678161	-4.9602902710372	3.57664378360734	1.04750063414211
Chrom_50_4_b_F3	body	crvi	Chrom_50_4_b	6.83855090574567	-5.09480744990148	3.1711124732448	2.46675479999474
Chrom_50_2_b_H1	body	crvi	Chrom_50_2_b	6.88086564469167	-4.59978511855604	3.28728714226511	2.33364694070988
Chrom_50_1_b_H4	body	crvi	Chrom_50_1_b	4.41800291434526	-3.31159531833124	2.76264398082238	1.09852929781531
Chrom_50_2_b_D9	body	crvi	Chrom_50_2_b	3.87315265469048	-1.80823552075953	2.47833954015814	1.93994699916983
Chrom_40_3_b_E6	body	control	Chrom_40_3_b	5.20326357353092	-2.76977721217947	0.975915402835275	0.966080757986484
Chrom_50_3_b_C2	body	crvi	Chrom_50_3_b	4.68955416082036	-3.84783866917284	4.05680155023973	0.419520481417014
Chrom_50_1_b_H3	body	crvi	Chrom_50_1_b	4.84392493010102	-3.34069156258431	2.80860731058297	-0.527445696623366
Chrom_40_4_b_E8	body	control	Chrom_40_4_b	4.45627146467394	-2.89018174209785	4.58277573194588	1.42598785986592
Chrom_40_4_b_C5	body	control	Chrom_40_4_b	3.60835920675827	-2.80033690644356	4.04571801326661	2.07267202450842
Chrom_50_1_b_H10	body	crvi	Chrom_50_1_b	4.9009810325387	-2.31820222125929	2.81404560414884	0.831797559473691
Chrom_40_1_b_B12	body	control	Chrom_40_1_b	4.06613367684813	-3.31929926681994	3.41120711753282	1.60615554556497
Chrom_40_4_b_D1	body	control	Chrom_40_4_b	5.13632071048371	-2.11934935908612	3.72533228600694	1.22203398850841
Chrom_50_1_b_H5	body	crvi	Chrom_50_1_b	4.83834501904164	-2.47705173341642	2.80845514354419	0.475206127637992
Chrom_40_1_b_D9	body	control	Chrom_40_1_b	4.51354717680788	-2.85577118275214	3.13919596040261	1.1757615738225
Chrom_50_4_b_C12	body	crvi	Chrom_50_4_b	4.07397854095595	-5.29846531355978	3.82136645457254	1.27402563159974
Chrom_40_4_b_B7	body	control	Chrom_40_4_b	3.73028327003028	-4.39601514041539	1.85648099160375	0.701131582836149
Chrom_40_1_b_B3	body	control	Chrom_40_1_b	4.56563167578263	-2.24617355493896	3.8902764564752	1.86864452523012
Chrom_40_2_b_E6	body	control	Chrom_40_2_b	5.8583378742417	-3.61600343745258	1.84982030965548	0.637741490352341
Chrom_50_4_b_C6	body	crvi	Chrom_50_4_b	6.56412394653907	-4.53932634753156	3.19637044106239	2.04013305424937
Chrom_40_2_b_G10	body	control	Chrom_40_2_b	4.03973081389434	-4.53958104548855	1.8779860757665	0.0279309081263106
Chrom_50_3_b_C8	body	crvi	Chrom_50_3_b	2.81362276159888	-5.02471104033818	2.86633884746384	2.14680105207441
Chrom_40_4_b_E7	body	control	Chrom_40_4_b	4.38504437811118	-3.32799224191809	2.50134249910447	0.523864367946351
Chrom_50_4_b_F11	body	crvi	Chrom_50_4_b	4.43339157806991	-3.95103190775539	2.60678601958973	2.95677172531166
Chrom_50_1_b_D10	body	crvi	Chrom_50_1_b	4.85771872508377	-3.20175579847109	3.02995329058631	-0.0732021930945308
Chrom_50_1_b_C8	body	crvi	Chrom_50_1_b	4.40405268851426	-3.65844963806497	3.10593921748431	0.0545268750531553
Chrom_50_3_b_C1	body	crvi	Chrom_50_3_b	6.33413458642055	-3.99294598293334	3.70515678547489	1.37092210563391
Chrom_40_4_b_C10	body	control	Chrom_40_4_b	5.02409771228331	-2.74762058154071	3.44509837642838	0.153317405074782
Chrom_40_3_b_B3	body	control	Chrom_40_3_b	4.59848324039758	-2.63182472682425	3.82466924522492	0.862452459998981
Chrom_50_2_b_A11	body	crvi	Chrom_50_2_b	6.89782534634577	-4.63347629740466	3.23948020305543	2.46879893063243
Chrom_50_3_b_D8	body	crvi	Chrom_50_3_b	3.07929723044347	-4.14564356440571	3.89682111556043	2.9823321743441
Chrom_50_1_b_G9	body	crvi	Chrom_50_1_b	5.71939464985516	-2.84325095636011	3.55123124585433	0.319081143839046
Chrom_50_3_b_G12	body	crvi	Chrom_50_3_b	4.94399948854617	-3.5104579738541	3.29265646127501	0.741465790072767
Chrom_40_2_b_B3	body	control	Chrom_40_2_b	4.16429175497157	-2.42408558385566	3.52797770711489	1.11520147090061
Chrom_50_1_b_F3	body	crvi	Chrom_50_1_b	4.95770602701465	-2.22503298854048	3.90756956637701	1.93221531254614
Chrom_50_2_b_A7	body	crvi	Chrom_50_2_b	4.32255491553329	-1.78631949209854	3.46039856150563	1.49650224429716
Chrom_40_4_b_B2	body	control	Chrom_40_4_b	5.14492630107683	-2.30732540304616	4.38773579362273	1.0741600620406
Chrom_40_1_b_A4	body	control	Chrom_40_1_b	3.82491825146592	-3.45732130798083	2.7637042508983	2.00449353689472
Chrom_50_3_b_H1	body	crvi	Chrom_50_3_b	5.82454545553362	-3.66724141502967	3.93069315837419	0.741517687102482
Chrom_40_1_b_B11	body	control	Chrom_40_1_b	3.77346573400248	-3.03355873813423	3.54395169654127	2.53941668201387
Chrom_50_3_b_F11	body	crvi	Chrom_50_3_b	4.55531371726157	-3.43120329314045	2.29317045887037	2.18702277825425
Chrom_40_3_b_F4	body	control	Chrom_40_3_b	4.51800436249187	-3.01500827030377	4.06880222395695	0.841229501429966
Chrom_40_4_b_F5	body	control	Chrom_40_4_b	4.13805180247233	-2.6088694544062	3.65436197571729	1.76008021239976
Chrom_40_3_b_B9	body	control	Chrom_40_3_b	4.45166247219468	-2.89136101025921	3.38281169728448	1.51909447340341
Chrom_40_2_b_A12	body	control	Chrom_40_2_b	6.19381394672088	-2.63517014787962	0.058392884840825	3.54204446561794
Chrom_50_3_b_D9	body	crvi	Chrom_50_3_b	2.89718894051668	-4.51108466957647	2.76795267397472	2.83818687791875
Chrom_50_3_b_A9	body	crvi	Chrom_50_3_b	3.33746403705859	-4.49440927509514	3.02067402209433	2.14111903279052
Chrom_50_2_b_H10	body	crvi	Chrom_50_2_b	6.73177926301268	-4.0364810877335	3.12442792574423	1.93649092887821
Chrom_40_1_b_E12	body	control	Chrom_40_1_b	4.38607721635269	-3.91612987865811	2.97193103313849	0.668966361635161
Chrom_50_2_b_B7	body	crvi	Chrom_50_2_b	3.7121625841659	-2.42795266704692	1.78866594648025	2.30232153040124
Chrom_40_1_b_F4	body	control	Chrom_40_1_b	5.32115820106797	-1.53836035656526	3.86904502371335	1.94476946159193
Chrom_40_3_b_H11	body	control	Chrom_40_3_b	3.79996820223265	-3.22412010715389	2.64819664343074	2.9185097292917
Chrom_40_4_b_F2	body	control	Chrom_40_4_b	5.4346721651185	-2.29201036068006	3.95829396191772	0.933354849859898
Chrom_50_2_b_B3	body	crvi	Chrom_50_2_b	6.49271172696638	-3.33300835239696	2.2729382192902	1.33375855119138
Chrom_50_2_b_H7	body	crvi	Chrom_50_2_b	5.27461530732839	-2.90189270896679	-0.341971526444193	1.59386951394308
Chrom_50_2_b_A8	body	crvi	Chrom_50_2_b	4.79225992678366	-2.66118166539743	2.25744455912437	-0.835929065425224
Chrom_40_2_b_B1	body	control	Chrom_40_2_b	3.89290443311848	-3.25148965438759	2.06779625725741	1.11918943416597
Chrom_40_1_b_E2	body	control	Chrom_40_1_b	4.38140028717344	-2.39078935703318	4.47389445742478	2.15716377446377
Chrom_40_4_b_A11	body	control	Chrom_40_4_b	3.82422244351244	-3.32503752168894	1.89852692966665	1.4664824797747
Chrom_40_1_b_F11	body	control	Chrom_40_1_b	4.61829693973573	-2.58957556182649	3.79479423839257	0.997535486814795
Chrom_50_3_b_A3	body	crvi	Chrom_50_3_b	3.41917496328357	-4.96626469359433	3.74908464915583	1.48514663617055
Chrom_50_3_b_E6	body	crvi	Chrom_50_3_b	3.41723193357898	-3.22899683951513	4.48684782085677	3.61364819520664
Chrom_50_4_b_E9	body	crvi	Chrom_50_4_b	5.87952719209882	-3.95232552520416	4.30898123777421	1.53185744215468
Chrom_50_2_b_C4	body	crvi	Chrom_50_2_b	4.19309267117045	-1.4871254778864	4.86137263891285	1.95033673939877
Chrom_40_1_b_G11	body	control	Chrom_40_1_b	4.56429938127556	-2.73655776169157	2.33958034235397	2.03578127505848
Chrom_40_1_b_D11	body	control	Chrom_40_1_b	4.50973913619648	-2.45628732800713	2.29933768250599	2.58136041523698
Chrom_40_3_b_H6	body	control	Chrom_40_3_b	3.43388980396654	-3.51655159904587	4.0634368824881	1.91645487530462
Chrom_50_3_b_A6	body	crvi	Chrom_50_3_b	3.29507364394436	-4.56090515135341	3.10128226290793	2.16420818080721
Chrom_50_4_b_B8	body	crvi	Chrom_50_4_b	6.71547012015997	-4.82084977182783	3.1851059351842	2.1046950216257
Chrom_40_1_b_H7	body	control	Chrom_40_1_b	3.58672953962293	-4.27713356087709	2.00218145119302	0.900236054838206
Chrom_50_1_b_D3	body	crvi	Chrom_50_1_b	5.01619967211658	-2.63737623037991	2.22772488651929	1.42103659199592
Chrom_50_3_b_H6	body	crvi	Chrom_50_3_b	2.73666989136748	-4.71802044698711	3.2872998400859	2.76032152890917
Chrom_40_1_b_A6	body	control	Chrom_40_1_b	3.83715683098362	-2.97903313066362	2.59851381779757	2.34867284148627
Chrom_50_3_b_F4	body	crvi	Chrom_50_3_b	3.68489062833366	-4.0181834485586	3.37710754617428	1.64389176283665
Chrom_40_1_b_H6	body	control	Chrom_40_1_b	3.36440484589314	-4.10837848070421	2.80523397594938	1.51973813020175
Chrom_40_4_b_B1	body	control	Chrom_40_4_b	4.19380903376997	-2.91891836824566	3.7749599251743	1.49519314588581
Chrom_50_2_b_G1	body	crvi	Chrom_50_2_b	6.74242251160132	-4.12251167883255	3.38959957710206	2.03509643717789
Chrom_40_4_b_B9	body	control	Chrom_40_4_b	4.09081857239532	-3.42198231214452	2.92578469245766	0.799833647463358
Chrom_50_1_b_D8	body	crvi	Chrom_50_1_b	4.48013795034957	-2.81827057722769	3.06446370314041	1.09537749338842
Chrom_50_2_b_G8	body	crvi	Chrom_50_2_b	4.43579288744742	-2.70393085813778	3.64971013849849	-0.402927475675608
Chrom_50_2_b_H3	body	crvi	Chrom_50_2_b	6.61032534097109	-3.63510269356617	3.23737281848763	1.61055728852537
Chrom_50_3_b_A2	body	crvi	Chrom_50_3_b	5.12055739657284	-3.0667595284462	4.02264713152646	0.670435477951293
Chrom_50_1_b_A1	body	crvi	Chrom_50_1_b	4.78200662803339	-2.51705142943363	3.21255686606605	1.03133082778745
Chrom_50_1_b_B12	body	crvi	Chrom_50_1_b	4.60642279213619	-2.15650623489603	3.45949519151716	1.87310434673855
Chrom_40_1_b_B7	body	control	Chrom_40_1_b	4.03386454050429	-3.62961134311993	2.95771545886406	1.21139894001077
Chrom_40_3_b_G5	body	control	Chrom_40_3_b	3.57940390238378	-3.70630893972651	3.11207091391799	2.04813113298401
Chrom_50_1_b_G4	body	crvi	Chrom_50_1_b	4.69308440302187	-2.88417153037392	3.70089418204258	0.905549312181061
Chrom_40_1_b_B5	body	control	Chrom_40_1_b	4.07764546592487	-3.4318236272557	2.48137145509798	1.08691421650327
Chrom_40_2_b_G8	body	control	Chrom_40_2_b	3.66049743795625	-2.60817737500294	2.10325634568795	2.41863709526477
Chrom_40_2_b_H7	body	control	Chrom_40_2_b	3.43151261255852	-3.39479505701231	1.17356553392126	1.32778503301354
Chrom_40_1_b_F9	body	control	Chrom_40_1_b	4.90609923228204	-2.48081058925303	3.60225384136153	0.860912294704991
Chrom_40_2_b_C6	body	control	Chrom_40_2_b	5.18905090958836	-3.39413704593854	1.06033760105228	0.854623356962522
Chrom_40_2_b_C1	body	control	Chrom_40_2_b	4.19227137023157	-2.85567164333644	0.71623914731223	0.784606001564067
Chrom_50_3_b_D10	body	crvi	Chrom_50_3_b	3.0161600563161	-5.29961782832834	3.32224612999111	1.78636083499454
Chrom_50_1_b_H6	body	crvi	Chrom_50_1_b	4.46883337384196	-2.48802600574721	3.43442426233738	1.36865420231991
Chrom_40_3_b_B11	body	control	Chrom_40_3_b	3.78708412839018	-3.55434023240641	4.43826691736018	1.1319131201339
Chrom_50_4_b_H10	body	crvi	Chrom_50_4_b	6.70374730392526	-5.01292210650145	3.25775515287036	1.99883073332641
Chrom_50_3_b_E1	body	crvi	Chrom_50_3_b	6.36283931033523	-4.06872628272719	3.47563937065448	1.21761033771185
Chrom_50_3_b_G10	body	crvi	Chrom_50_3_b	2.82538786928843	-6.36943185466079	3.28697654298562	0.46352495996828
Chrom_40_3_b_B10	body	control	Chrom_40_3_b	4.11812684643361	-2.87067755650825	4.18639913190561	1.81699644101239
Chrom_40_2_b_D11	body	control	Chrom_40_2_b	3.85956921501977	-3.69892144429679	3.48895025112937	-0.215768502437107
Chrom_50_1_b_A10	body	crvi	Chrom_50_1_b	4.83681779561998	-2.5855904319272	3.45028465620351	1.73421389502885
Chrom_50_1_b_G6	body	crvi	Chrom_50_1_b	4.63085691601972	-2.43356255130687	3.36233262283577	1.68231237302221
Chrom_40_4_b_H9	body	control	Chrom_40_4_b	4.85211020909111	-1.67808545763917	-2.61761027550452	2.76029693780154
Chrom_40_2_b_B8	body	control	Chrom_40_2_b	3.92532988831288	-3.87956770273818	1.0833532370683	0.506838536921872
Chrom_50_1_b_B9	body	crvi	Chrom_50_1_b	4.79867558207335	-2.17027513402815	3.13271895261081	1.63640358453692
Chrom_40_3_b_C8	body	control	Chrom_40_3_b	3.98733106195254	-2.71417051596346	3.35393166014261	2.64297901281968
Chrom_40_2_b_G6	body	control	Chrom_40_2_b	4.7164242475842	-4.21568385846245	1.19440268630769	0.459426194084989
Chrom_50_3_b_A10	body	crvi	Chrom_50_3_b	3.49293576846427	-5.31924414039715	2.99768624395866	0.705538276163361
Chrom_40_2_b_A7	body	control	Chrom_40_2_b	3.57849363210829	-3.07103727532553	3.48002831063156	2.11247067587958
Chrom_40_3_b_B2	body	control	Chrom_40_3_b	5.55807345557641	-3.42387765000187	2.3093361849637	0.204040743710654
Chrom_40_4_b_H4	body	control	Chrom_40_4_b	3.26622409328746	-5.75247325152129	2.42180797311073	-1.00301130849779
Chrom_40_3_b_A3	body	control	Chrom_40_3_b	4.01425350058483	-3.28151132656573	4.20599736179714	1.29989085889512
Chrom_50_3_b_F8	body	crvi	Chrom_50_3_b	3.09911969014099	-4.85408778054282	3.67427056823601	2.18841966054074
Chrom_50_2_b_C11	body	crvi	Chrom_50_2_b	6.84241245064528	-4.44401055487522	2.9467055264072	1.86854858425649
Chrom_40_2_b_A11	body	control	Chrom_40_2_b	5.46969556052057	-1.83896960119168	-1.26377618573532	6.03813943980658
Chrom_50_2_b_H8	body	crvi	Chrom_50_2_b	4.67425348513645	-1.73996889039864	1.30503861735505	1.1009800231152
Chrom_50_1_b_E2	body	crvi	Chrom_50_1_b	5.28579210882619	-2.18407661220179	4.27675453510171	1.78082203014887
Chrom_50_4_b_C2	body	crvi	Chrom_50_4_b	3.90502790664333	-4.94039254130123	4.3725692719399	1.35739514411271
Chrom_50_2_b_B4	body	crvi	Chrom_50_2_b	3.97194919250743	-2.41781772787556	1.54193502919544	1.13912274112711
Chrom_40_1_b_G4	body	control	Chrom_40_1_b	6.3886016412981	-3.65697890743418	3.43255994368679	1.60893686609009
Chrom_40_1_b_A1	body	control	Chrom_40_1_b	4.14072145791257	-3.20301520841997	2.97229114138772	0.935161104728268
Chrom_50_4_b_G4	body	crvi	Chrom_50_4_b	6.88329377488156	-5.30132418200633	3.42111672998999	2.41686598765947
Chrom_40_3_b_H7	body	control	Chrom_40_3_b	3.68600060962168	-4.18307641197404	1.31970781220849	0.384669100570028
Chrom_40_3_b_E7	body	control	Chrom_40_3_b	3.97720670146694	-3.35288047687814	4.24408994085893	1.12923152814311
Chrom_40_3_b_B5	body	control	Chrom_40_3_b	4.39397060177585	-3.57857256780156	1.46773580670925	0.478673917992476
Chrom_50_3_b_F6	body	crvi	Chrom_50_3_b	2.93275322271566	-5.26228632449694	2.67875322639441	1.71942129894314
Chrom_40_3_b_F5	body	control	Chrom_40_3_b	4.13617521443523	-3.45677891008615	3.8629606140927	0.716354494489302
Chrom_40_2_b_C4	body	control	Chrom_40_2_b	3.75150614089887	-3.30793524510039	2.8553539672992	1.76572152545004
Chrom_40_4_b_B4	body	control	Chrom_40_4_b	3.7427969559466	-3.14417048532583	3.29577675258659	1.5672846624812
Chrom_40_4_b_G9	body	control	Chrom_40_4_b	6.24584627395995	-3.05122598122931	3.78784938285402	1.03685097778791
Chrom_40_4_b_C4	body	control	Chrom_40_4_b	5.48705771529733	-2.88356322236491	2.33753036361661	0.113942923245562
Chrom_40_2_b_F7	body	control	Chrom_40_2_b	3.4082326074656	-4.24971043432204	1.93439982497284	1.58634101673784
Chrom_50_2_b_C2	body	crvi	Chrom_50_2_b	6.9470278051674	-4.87033770561599	3.31021786518182	2.42711474596548
Chrom_40_3_b_A11	body	control	Chrom_40_3_b	3.78813146621123	-3.20406469486051	3.76613682022747	2.25191934842605
Chrom_40_4_b_G5	body	control	Chrom_40_4_b	4.09210064675279	-3.36981246216839	0.850180609101703	0.816729799815131
Chrom_50_4_b_B4	body	crvi	Chrom_50_4_b	6.7266091454506	-4.93308992327402	3.02271436904243	2.16312997129008
Chrom_50_1_b_F2	body	crvi	Chrom_50_1_b	5.39395364531925	-2.09885772638613	3.84689277843297	1.85898166438529
Chrom_50_4_b_C10	body	crvi	Chrom_50_4_b	6.31104551632623	-5.06411743423954	3.9302895064976	1.04494294979566
Chrom_50_2_b_G2	body	crvi	Chrom_50_2_b	6.73382759391188	-4.05956596348002	3.31296829462442	2.13723841800597
Chrom_40_3_b_B7	body	control	Chrom_40_3_b	3.80701866159643	-3.07406377596211	3.3741918686777	2.30547422504338
Chrom_50_3_b_D4	body	crvi	Chrom_50_3_b	3.18474038894378	-3.92814574770009	3.20607342311033	3.66167850144863
Chrom_40_1_b_A12	body	control	Chrom_40_1_b	4.45280882108908	-1.10568901432918	-2.62100031161257	6.84521565145621
Chrom_50_2_b_A9	body	crvi	Chrom_50_2_b	5.7121562377408	-1.63108481064707	2.79525350412683	0.97276108958455
Chrom_50_1_b_B7	body	crvi	Chrom_50_1_b	4.52641543383074	-2.43287074701617	3.67678508782769	1.98658969557456
Chrom_40_3_b_D1	body	control	Chrom_40_3_b	4.01536644004916	-2.77858240228849	4.1730683221603	2.15134999801162
Chrom_40_1_b_G7	body	control	Chrom_40_1_b	4.06461788858737	-3.12070780310462	3.08458521086765	1.45333391688625
Chrom_50_1_b_A5	body	crvi	Chrom_50_1_b	4.40727198120731	-3.36386494932027	2.44277324783751	1.09318506963605
Chrom_40_4_b_H5	body	control	Chrom_40_4_b	3.80067320891597	-2.993783332332	2.8086626923559	2.26847087822433
Chrom_50_3_b_H8	body	crvi	Chrom_50_3_b	3.37956596370631	-3.91999381258668	2.65400476810031	2.43481614893791
Chrom_50_3_b_A11	body	crvi	Chrom_50_3_b	5.59380075176887	-3.24568739679311	3.80197239730711	0.569569273023134
Chrom_40_3_b_E5	body	control	Chrom_40_3_b	4.51422761690656	-2.48362055810794	4.67052428553104	1.11644231929006
Chrom_50_4_b_H4	body	crvi	Chrom_50_4_b	6.88951402540197	-5.367684575035	3.40538101214105	2.44770569218208
Chrom_40_3_b_A5	body	control	Chrom_40_3_b	3.57357815839299	-3.53146262321007	3.15761794544329	1.52073057344238
Chrom_50_2_b_G10	body	crvi	Chrom_50_2_b	5.30000023588327	-2.21652184226687	3.36850752470183	-1.44132145369748
Chrom_40_3_b_C3	body	control	Chrom_40_3_b	4.40425109743653	-3.42321595816467	1.05485113608045	0.809995721714138
Chrom_40_2_b_B11	body	control	Chrom_40_2_b	3.75742120049775	-3.05400001867798	2.17563704312824	1.64640294304987
Chrom_40_2_b_C10	body	control	Chrom_40_2_b	4.0108981999888	-2.52656706855322	3.37314405500218	1.42527131751274
Chrom_40_2_b_E5	body	control	Chrom_40_2_b	4.14916814570845	-2.51357587636612	2.61645797947404	0.50124723244843
Chrom_40_3_b_H5	body	control	Chrom_40_3_b	3.91558067205934	-3.39062201942402	3.92707480303363	0.960116409581329
Chrom_50_1_b_G7	body	crvi	Chrom_50_1_b	4.55337059384451	-2.62002092936826	4.1107451919121	1.67833756387052
Chrom_40_4_b_E11	body	control	Chrom_40_4_b	3.9316899410966	-3.05743222531045	1.88484984332867	2.43038214178731
Chrom_40_2_b_E3	body	control	Chrom_40_2_b	4.69428671996542	-4.13800048108766	1.72045892104781	-0.837118630723569
Chrom_50_4_b_C3	body	crvi	Chrom_50_4_b	6.99472781230142	-5.70510959840141	3.25997530953889	2.66403973682647
Chrom_40_1_b_B9	body	control	Chrom_40_1_b	4.31815912530398	-2.7653862640335	3.07858508881873	1.67761985308755
Chrom_50_3_b_H7	body	crvi	Chrom_50_3_b	2.45142597119037	-5.8789908819715	2.70549972176286	1.4548364270445
Chrom_40_2_b_D6	body	control	Chrom_40_2_b	4.5736035849073	-3.55638435266266	1.77004742165179	-0.0565515035135028
Chrom_40_2_b_E7	body	control	Chrom_40_2_b	4.36819670387209	-3.79868160352189	2.58737663008948	-0.0426173589958153
Chrom_40_4_b_C8	body	control	Chrom_40_4_b	4.22879944133368	-2.04615747760281	3.69491128310798	2.30622564255036
Chrom_50_2_b_D2	body	crvi	Chrom_50_2_b	6.07565204069458	-2.70972053524564	2.21400845894217	0.148440565127526
Chrom_40_3_b_D9	body	control	Chrom_40_3_b	4.33242133988876	-2.76959731126599	3.73318942175868	1.29800768504751
Chrom_40_1_b_B6	body	control	Chrom_40_1_b	3.55339319779206	-4.2072971184387	3.37894742638905	1.00670312150152
Chrom_50_2_b_H5	body	crvi	Chrom_50_2_b	5.23040117861875	-1.82823601859577	1.33151387652844	-0.222769149429519
Chrom_50_2_b_D6	body	crvi	Chrom_50_2_b	4.29094108564977	-2.32640412373505	2.14936088375947	1.21858752126415
Chrom_50_2_b_C8	body	crvi	Chrom_50_2_b	4.00816358297119	-1.8342786620131	2.65683446229122	2.47283610759024
Chrom_40_2_b_C11	body	control	Chrom_40_2_b	4.36081202277888	-2.99637706823724	3.22632994811097	1.01992875145182
Chrom_40_2_b_C7	body	control	Chrom_40_2_b	3.51406891683755	-4.37950172092865	2.63360284983094	0.876155829798384
Chrom_40_3_b_B8	body	control	Chrom_40_3_b	3.94541850356582	-3.07712066215658	3.80126678401005	1.86477208255256
Chrom_50_1_b_G2	body	crvi	Chrom_50_1_b	4.56418279966237	-3.11139958715485	3.06974448364434	1.20933207742927
Chrom_50_4_b_B5	body	crvi	Chrom_50_4_b	6.78991862645322	-4.94751430845274	2.65271333159362	2.29994587753265
Chrom_50_2_b_D11	body	crvi	Chrom_50_2_b	6.37595791011201	-2.77482096042187	2.29557504728288	1.57181395167249
Chrom_40_4_b_C9	body	control	Chrom_40_4_b	4.07160782460871	-3.01047554498491	4.53187102454782	1.63181524533705
Chrom_40_3_b_G4	body	control	Chrom_40_3_b	3.95401099687702	-3.14981556357283	4.47964532459304	1.77757068392524
Chrom_40_3_b_A1	body	control	Chrom_40_3_b	3.72646291456569	-3.35703208658146	3.90457845247008	2.32602762363771
Chrom_50_4_b_E1	body	crvi	Chrom_50_4_b	7.04994021687524	-5.83685757287717	3.26650299139126	2.89913981378027
Chrom_40_4_b_E4	body	control	Chrom_40_4_b	6.1131954927619	-3.44919766408688	2.86368899526514	0.690445078859105
Chrom_50_4_b_H11	body	crvi	Chrom_50_4_b	3.50412416801503	-4.23834500730623	3.35273310852183	3.02992471772551
Chrom_40_1_b_G9	body	control	Chrom_40_1_b	5.43899703818101	-2.38438054314711	3.6393523749944	0.128720830359429
Chrom_40_3_b_E10	body	control	Chrom_40_3_b	4.41239210744433	-2.494012053268	3.65382164913659	2.21313374159702
Chrom_40_3_b_H8	body	control	Chrom_40_3_b	3.69646344969872	-3.55696372613096	3.54547115728979	1.45037203145812
Chrom_40_2_b_G7	body	control	Chrom_40_2_b	3.60442912193835	-3.29258277617849	2.80287336118302	1.36118290072091
Chrom_50_1_b_C5	body	crvi	Chrom_50_1_b	4.50090361721219	-2.21359089093321	4.35160087275875	1.69155983660372
Chrom_40_2_b_G1	body	control	Chrom_40_2_b	3.69226058732685	-4.11123535633942	0.390453935326945	0.373117692438437
Chrom_50_1_b_A7	body	crvi	Chrom_50_1_b	4.97535437304652	-1.85938714478334	4.07097042702476	1.54482706479168
Chrom_50_2_b_G12	body	crvi	Chrom_50_2_b	6.93867474031021	-4.80878734541341	3.18600787461504	2.49541500551557
Chrom_40_2_b_H11	body	control	Chrom_40_2_b	3.81491528256349	-2.66697463473085	-0.496794946693408	3.48841335479506
Chrom_40_2_b_G12	body	control	Chrom_40_2_b	4.13643457611264	-3.84864755459297	2.19819417778182	0.638053743881467
Chrom_50_1_b_C7	body	crvi	Chrom_50_1_b	5.48913684252424	-3.68265679106477	0.867459529937688	-0.144752261528759
Chrom_50_2_b_D1	body	crvi	Chrom_50_2_b	6.64087392005186	-3.63597291852133	3.09273962888347	1.88845327689509
Chrom_50_4_b_B2	body	crvi	Chrom_50_4_b	4.73302717053431	-4.85332451998703	4.16949299047048	0.887009912212881
Chrom_40_4_b_D7	body	control	Chrom_40_4_b	3.70993459665748	-2.8667053370465	3.95217493700696	1.87641045579758
Chrom_50_4_b_B7	body	crvi	Chrom_50_4_b	6.28114420029193	-4.22352169372514	3.76082243004668	1.79828337173377
Chrom_50_3_b_H3	body	crvi	Chrom_50_3_b	3.94545695988067	-4.96523136396614	3.4741968874396	0.0728473969155669
Chrom_40_3_b_D3	body	control	Chrom_40_3_b	4.30832965204989	-2.78041427944717	4.19586343854735	1.76437345442493
Chrom_40_3_b_B4	body	control	Chrom_40_3_b	3.57839805362856	-3.5099540055798	3.52802052016728	1.89376412253137
Chrom_50_4_b_F1	body	crvi	Chrom_50_4_b	6.56899578390213	-4.10342707092994	4.22130699172784	2.32213425906106
Chrom_50_2_b_C5	body	crvi	Chrom_50_2_b	4.3301269443232	-1.86807522637873	3.92338176005544	0.454804242887518
Chrom_40_1_b_B8	body	control	Chrom_40_1_b	4.06079807823778	-3.05827862954086	3.52678679097158	1.30476052279226
Chrom_40_3_b_F7	body	control	Chrom_40_3_b	3.72776680082893	-3.06841211106863	3.67862523571792	2.27213687948788
Chrom_40_3_b_H1	body	control	Chrom_40_3_b	4.10887473767291	-4.27532978009994	3.61939112138313	-0.0345021604724187
Chrom_40_2_b_B5	body	control	Chrom_40_2_b	4.8019175804617	-4.7007335814998	2.45016678482776	0.787323369501199
Chrom_40_2_b_A3	body	control	Chrom_40_2_b	4.09745615702789	-3.02314292731372	1.97192138765682	1.05072119256741
Chrom_40_1_b_B4	body	control	Chrom_40_1_b	3.64280073993201	-3.09581596447697	2.79531833814941	2.53419087970463
Chrom_50_4_b_D7	body	crvi	Chrom_50_4_b	6.00557636943921	-4.09119397079574	3.20878447210782	0.850859204450006
Chrom_50_1_b_F9	body	crvi	Chrom_50_1_b	4.98107312372204	-3.07224130807144	2.95801076182545	-0.050869580723304
Chrom_50_1_b_H1	body	crvi	Chrom_50_1_b	5.50371055116256	-2.92742913571436	3.95950227359851	-0.0584662087419962
Chrom_50_2_b_H2	body	crvi	Chrom_50_2_b	6.70371759697027	-3.94463839913958	3.3135429167897	1.89974293546863
Chrom_50_3_b_C6	body	crvi	Chrom_50_3_b	3.03829417468452	-3.68497030860979	3.92116691690252	3.62869539858128
Chrom_40_1_b_F7	body	control	Chrom_40_1_b	3.91426204920658	-3.0072865364634	3.48317702878887	1.82574610364653
Chrom_50_3_b_H5	body	crvi	Chrom_50_3_b	3.58298511699796	-4.05593063088047	3.55623772428627	1.45347825585254
Chrom_50_3_b_C9	body	crvi	Chrom_50_3_b	3.20358380246772	-3.91272937326206	2.62786406322075	3.03821368024822
Chrom_50_4_b_A7	body	crvi	Chrom_50_4_b	4.26444348760356	-4.42557989737516	3.78755390706782	2.01106954240181
Chrom_50_4_b_F8	body	crvi	Chrom_50_4_b	4.01734499583743	-4.53712075890296	4.37703223281695	1.72939614833042
Chrom_50_2_b_E7	body	crvi	Chrom_50_2_b	4.26304773894675	-2.23431300406532	3.41647319365022	1.16038131567955
Chrom_50_1_b_C11	body	crvi	Chrom_50_1_b	5.31867756837509	-2.18762979021292	2.82681268779045	1.44594193865258
