sample_name	tissue	treatment	plate	Zhat1	Zhat2
Chrom_40_1_b_D7	head	control	Chrom_40_1_h	-0.847173898976782	-4.17405060671581
Chrom_40_2_b_A5	head	control	Chrom_40_2_h	1.53371508936832	-4.5563068878632
Chrom_50_4_b_B6	head	crvi	Chrom_50_4_h	2.29240379339571	-3.75329995829351
Chrom_40_3_b_C9	head	control	Chrom_40_3_h	0.963001150061889	-4.7403136093007
Chrom_40_4_b_D9	head	control	Chrom_40_4_h	1.33975173364005	-5.15292570820807
Chrom_50_3_b_F10	head	crvi	Chrom_50_3_h	1.73935187356627	-5.5734509267631
Chrom_40_4_b_H2	head	control	Chrom_40_4_h	1.51471647342043	-5.46547013261134
Chrom_40_2_b_F3	head	control	Chrom_40_2_h	1.15750434652361	-2.6353214731
Chrom_50_4_b_D5	head	crvi	Chrom_50_4_h	2.11690389075076	-5.51659550117619
Chrom_50_4_b_A6	head	crvi	Chrom_50_4_h	1.99707956131896	-5.47745936624725
Chrom_40_1_b_G10	head	control	Chrom_40_1_h	-0.854944207432695	-4.25238138002292
Chrom_40_4_b_A12	head	control	Chrom_40_4_h	1.14769050133046	-4.48629486945639
Chrom_40_4_b_F6	head	control	Chrom_40_4_h	1.65240461140098	-2.78411406131488
Chrom_50_2_b_C12	head	crvi	Chrom_50_2_h	-0.833577979375222	-4.39110195236912
Chrom_40_2_b_E8	head	control	Chrom_40_2_h	0.730593154089967	-5.02394928464243
Chrom_50_4_b_A12	head	crvi	Chrom_50_4_h	1.42131346237896	-5.57688303605462
Chrom_40_3_b_C12	head	control	Chrom_40_3_h	0.442559091361578	-5.30253566423565
Chrom_40_2_b_G5	head	control	Chrom_40_2_h	0.715727747706809	-4.33517650890762
Chrom_50_1_b_G5	head	crvi	Chrom_50_1_h	2.51241544087748	-4.14762507422902
Chrom_50_1_b_E1	head	crvi	Chrom_50_1_h	0.646424781587897	-5.58775190988608
Chrom_50_1_b_F12	head	crvi	Chrom_50_1_h	0.825330546232921	-4.15276360011557
Chrom_50_3_b_G4	head	crvi	Chrom_50_3_h	0.616532961479095	-4.25059902749754
Chrom_40_2_b_D12	head	control	Chrom_40_2_h	1.6339322804664	-2.38166273810103
Chrom_40_1_b_E4	head	control	Chrom_40_1_h	-0.869282736640647	-4.29885872803215
Chrom_50_2_b_H11	head	crvi	Chrom_50_2_h	-0.458269950089083	-4.4084747535063
Chrom_40_2_b_H10	head	control	Chrom_40_2_h	1.14654508572538	-2.93728751730404
Chrom_50_1_b_C10	head	crvi	Chrom_50_1_h	1.14402762637348	-5.44740738535503
Chrom_50_4_b_H3	head	crvi	Chrom_50_4_h	1.84413036089464	-5.82677594009072
Chrom_50_2_b_E10	head	crvi	Chrom_50_2_h	-0.209949462616058	-4.77388128592383
Chrom_50_2_b_F7	head	crvi	Chrom_50_2_h	2.52069171958519	-5.24540825116035
Chrom_50_1_b_E11	head	crvi	Chrom_50_1_h	1.33602066338952	-5.76372575605079
Chrom_50_3_b_E4	head	crvi	Chrom_50_3_h	2.03270607480835	-3.55185164978182
Chrom_50_2_b_A10	head	crvi	Chrom_50_2_h	-0.647741750204602	-4.40414896905726
Chrom_40_3_b_G2	head	control	Chrom_40_3_h	0.770907054036451	-4.13665694113487
Chrom_50_1_b_G3	head	crvi	Chrom_50_1_h	1.85413697803306	-5.27614205199031
Chrom_50_4_b_C4	head	crvi	Chrom_50_4_h	2.105709305541	-5.46042227670416
Chrom_40_3_b_C2	head	control	Chrom_40_3_h	0.652026270391608	-4.97439048667602
Chrom_50_3_b_C7	head	crvi	Chrom_50_3_h	1.91508178370498	-5.48135072627151
Chrom_40_4_b_E9	head	control	Chrom_40_4_h	1.59955587751279	-2.56920046471799
Chrom_40_3_b_F1	head	control	Chrom_40_3_h	1.26356491990191	-5.28141554061933
Chrom_40_2_b_C9	head	control	Chrom_40_2_h	0.96639176411028	-5.15472425800058
Chrom_40_3_b_G6	head	control	Chrom_40_3_h	1.65424185539766	-3.46687274237953
Chrom_50_1_b_D9	head	crvi	Chrom_50_1_h	1.3386274500209	-5.70381120825499
Chrom_50_1_b_F7	head	crvi	Chrom_50_1_h	1.91623288240646	-5.85959198146658
Chrom_40_2_b_E2	head	control	Chrom_40_2_h	1.09343369848759	-5.39028390098107
Chrom_40_4_b_C7	head	control	Chrom_40_4_h	1.93797381354045	-5.00711409941784
Chrom_50_4_b_A2	head	crvi	Chrom_50_4_h	-0.53567615301157	-4.69262712715371
Chrom_40_2_b_A6	head	control	Chrom_40_2_h	1.83552745465635	-2.42271698474207
Chrom_50_2_b_D8	head	crvi	Chrom_50_2_h	1.73070285899559	-3.25263693104136
Chrom_50_2_b_A6	head	crvi	Chrom_50_2_h	0.226962943776263	-3.79005381248457
Chrom_50_3_b_C11	head	crvi	Chrom_50_3_h	-0.419039226075776	-4.60900207795275
Chrom_50_3_b_G8	head	crvi	Chrom_50_3_h	-0.287528996931389	-4.02069510354154
Chrom_50_1_b_F8	head	crvi	Chrom_50_1_h	-0.361463803357249	-4.58831510751113
Chrom_50_4_b_G11	head	crvi	Chrom_50_4_h	1.65859699266753	-5.7663160242357
Chrom_40_3_b_D4	head	control	Chrom_40_3_h	-0.492883103901803	-4.24810514293447
Chrom_40_1_b_H9	head	control	Chrom_40_1_h	-0.939046916258132	-4.20767844545545
Chrom_50_3_b_B4	head	crvi	Chrom_50_3_h	1.60014993650374	-5.51155967499409
Chrom_50_4_b_E2	head	crvi	Chrom_50_4_h	1.75555586930466	-5.65430858837009
Chrom_50_2_b_B8	head	crvi	Chrom_50_2_h	0.899923337212884	-5.37234345360764
Chrom_40_2_b_H8	head	control	Chrom_40_2_h	1.046266011066	-2.54784527148954
Chrom_50_3_b_F2	head	crvi	Chrom_50_3_h	0.0332020687466232	-4.92368584600621
Chrom_40_2_b_B7	head	control	Chrom_40_2_h	1.48951546534379	-2.21646833963844
Chrom_50_3_b_G11	head	crvi	Chrom_50_3_h	-0.0146806861777892	-4.6740194118337
Chrom_40_3_b_F8	head	control	Chrom_40_3_h	0.451054174287193	-3.1974746664473
Chrom_50_4_b_A8	head	crvi	Chrom_50_4_h	0.546424115046795	-4.96518831759273
Chrom_50_4_b_B10	head	crvi	Chrom_50_4_h	0.762675960089023	-5.38579119351212
Chrom_40_2_b_D10	head	control	Chrom_40_2_h	0.997019294326581	-2.76868117386122
Chrom_40_4_b_D8	head	control	Chrom_40_4_h	1.40005511259819	-4.24596774787917
Chrom_50_1_b_A6	head	crvi	Chrom_50_1_h	2.55129868480465	-4.31477238777546
Chrom_50_1_b_D11	head	crvi	Chrom_50_1_h	1.60736304090498	-4.59630305709298
Chrom_50_4_b_H6	head	crvi	Chrom_50_4_h	1.3871765632156	-3.42245417259446
Chrom_50_1_b_B8	head	crvi	Chrom_50_1_h	1.54992018419681	-4.56371197514351
Chrom_50_2_b_B2	head	crvi	Chrom_50_2_h	-0.635575882477845	-4.38402360023183
Chrom_40_4_b_H3	head	control	Chrom_40_4_h	1.46346773913087	-5.43463024529215
Chrom_50_1_b_A11	head	crvi	Chrom_50_1_h	0.103922402758073	-4.09338081403451
Chrom_40_2_b_E9	head	control	Chrom_40_2_h	0.621410113518231	-5.03755634513276
Chrom_40_3_b_D5	head	control	Chrom_40_3_h	-0.259978132280503	-4.22820447808261
Chrom_40_3_b_D7	head	control	Chrom_40_3_h	1.70685545750761	-2.834505273309
Chrom_40_4_b_A7	head	control	Chrom_40_4_h	0.927544620890079	-4.85492145450399
Chrom_40_3_b_D8	head	control	Chrom_40_3_h	1.3519884512887	-4.80607163951694
Chrom_40_4_b_G11	head	control	Chrom_40_4_h	1.41158685024179	-5.23005264411573
Chrom_50_3_b_E7	head	crvi	Chrom_50_3_h	2.22119070247805	-4.55437066333446
Chrom_50_2_b_F2	head	crvi	Chrom_50_2_h	-0.771176509617333	-4.44417432101737
Chrom_40_4_b_G10	head	control	Chrom_40_4_h	1.644250276591	-4.6603249067354
Chrom_40_4_b_A1	head	control	Chrom_40_4_h	0.78093950567935	-5.63988343801303
Chrom_50_3_b_E11	head	crvi	Chrom_50_3_h	-0.66244120027953	-4.34211927969496
Chrom_40_4_b_D10	head	control	Chrom_40_4_h	1.44683877276402	-4.81316674714867
Chrom_50_3_b_E3	head	crvi	Chrom_50_3_h	1.78278057448438	-5.45997930279669
Chrom_40_3_b_B1	head	control	Chrom_40_3_h	1.87018524490101	-2.74875034104697
Chrom_50_4_b_C11	head	crvi	Chrom_50_4_h	0.075661633855663	-4.04303828282463
Chrom_40_2_b_E10	head	control	Chrom_40_2_h	-0.0133222326411648	-4.78035804529455
Chrom_50_2_b_E4	head	crvi	Chrom_50_2_h	2.05102866700182	-1.79892705173161
Chrom_50_2_b_A5	head	crvi	Chrom_50_2_h	-0.338091429202516	-4.719080021974
Chrom_40_1_b_G8	head	control	Chrom_40_1_h	-0.650090919829323	-4.58997593536417
Chrom_40_3_b_G10	head	control	Chrom_40_3_h	1.59834491114685	-4.21206486409092
Chrom_50_4_b_G8	head	crvi	Chrom_50_4_h	1.87106606790931	-5.64212780018769
Chrom_40_3_b_A6	head	control	Chrom_40_3_h	2.31112384785485	-4.04200046875277
Chrom_50_4_b_H5	head	crvi	Chrom_50_4_h	0.619500265568988	-4.32113401947866
Chrom_50_1_b_F5	head	crvi	Chrom_50_1_h	1.24907149058673	-4.56562636286813
Chrom_50_4_b_H12	head	crvi	Chrom_50_4_h	-0.0372060570607022	-4.5182040154621
Chrom_50_1_b_B1	head	crvi	Chrom_50_1_h	1.059157511627	-5.73212262875713
Chrom_40_4_b_H7	head	control	Chrom_40_4_h	1.59014305133946	-2.32176642411262
Chrom_50_4_b_F12	head	crvi	Chrom_50_4_h	0.470565143501028	-4.1191647366971
Chrom_40_3_b_C1	head	control	Chrom_40_3_h	1.1844883333724	-5.3683010356005
Chrom_50_4_b_A11	head	crvi	Chrom_50_4_h	0.62736728255945	-5.04155213249668
Chrom_40_1_b_E6	head	control	Chrom_40_1_h	1.70031183756511	-2.4134048197137
Chrom_40_4_b_G1	head	control	Chrom_40_4_h	1.58655660565544	-5.3576503006815
Chrom_50_1_b_D5	head	crvi	Chrom_50_1_h	1.94868466951815	-4.53669523578816
Chrom_50_2_b_E9	head	crvi	Chrom_50_2_h	1.91212163073621	-5.37979736785164
Chrom_40_4_b_H11	head	control	Chrom_40_4_h	0.925679659181756	-2.440216571818
Chrom_50_2_b_F8	head	crvi	Chrom_50_2_h	0.905692931030059	-2.10416197420935
Chrom_40_2_b_D7	head	control	Chrom_40_2_h	1.79078256342262	-2.16807644251618
Chrom_50_3_b_F7	head	crvi	Chrom_50_3_h	2.80281920304724	-5.53104285098833
Chrom_50_3_b_F9	head	crvi	Chrom_50_3_h	0.839318713553307	-5.23928347235185
Chrom_40_3_b_A2	head	control	Chrom_40_3_h	1.77003015025702	-5.3352933327198
Chrom_50_2_b_F11	head	crvi	Chrom_50_2_h	-0.840143067653321	-4.36548340143062
Chrom_40_4_b_C1	head	control	Chrom_40_4_h	0.698331396628157	-5.41897470984379
Chrom_50_2_b_C9	head	crvi	Chrom_50_2_h	-0.659402011567826	-4.37587805614122
Chrom_40_4_b_G4	head	control	Chrom_40_4_h	0.800004068194425	-4.40043379145107
Chrom_40_4_b_E5	head	control	Chrom_40_4_h	1.54443874604431	-5.1709985063707
Chrom_40_1_b_F12	head	control	Chrom_40_1_h	1.07338719928144	-2.01105204578572
Chrom_40_3_b_D6	head	control	Chrom_40_3_h	1.31185778154677	-2.76110335257408
Chrom_50_2_b_E8	head	crvi	Chrom_50_2_h	0.752731436635594	-2.18254110496538
Chrom_50_2_b_F5	head	crvi	Chrom_50_2_h	1.47367735946966	-3.00914551084585
Chrom_50_4_b_C1	head	crvi	Chrom_50_4_h	-0.590875612961112	-4.68433033718895
Chrom_50_3_b_G5	head	crvi	Chrom_50_3_h	1.42675782401336	-4.41556741397933
Chrom_40_1_b_G3	head	control	Chrom_40_1_h	0.871876364289989	-4.3882424140898
Chrom_50_4_b_H1	head	crvi	Chrom_50_4_h	1.51161201092227	-5.37433535174755
Chrom_40_4_b_B12	head	control	Chrom_40_4_h	1.08485749460537	-4.69073086662824
Chrom_50_4_b_F7	head	crvi	Chrom_50_4_h	2.39404518091694	-5.7194692694218
Chrom_50_1_b_B11	head	crvi	Chrom_50_1_h	0.0957324479006738	-3.31321787476123
Chrom_50_1_b_H9	head	crvi	Chrom_50_1_h	1.52468604487615	-3.30710786180868
Chrom_40_1_b_A9	head	control	Chrom_40_1_h	-0.91235716001127	-4.22479530824324
Chrom_50_1_b_E10	head	crvi	Chrom_50_1_h	1.17471319470479	-5.84452685482884
Chrom_50_4_b_G6	head	crvi	Chrom_50_4_h	0.718460473971793	-4.56213965861395
Chrom_40_2_b_F4	head	control	Chrom_40_2_h	1.05246665209016	-2.4636948407717
Chrom_40_2_b_C12	head	control	Chrom_40_2_h	1.56077204254642	-5.62621944081746
Chrom_40_1_b_E5	head	control	Chrom_40_1_h	-0.905266695904767	-4.27879620514166
Chrom_50_4_b_D12	head	crvi	Chrom_50_4_h	-0.106892299777568	-5.00535451064855
Chrom_40_4_b_F3	head	control	Chrom_40_4_h	0.717519720340066	-4.09785961005825
Chrom_40_1_b_C7	head	control	Chrom_40_1_h	-0.781598061144213	-4.36360195955352
Chrom_50_2_b_C7	head	crvi	Chrom_50_2_h	0.138227417481404	-5.03984779259299
Chrom_40_2_b_A10	head	control	Chrom_40_2_h	1.7585361116052	-5.41246939723318
Chrom_50_3_b_B5	head	crvi	Chrom_50_3_h	2.1603753027156	-4.54275646785779
Chrom_40_2_b_C2	head	control	Chrom_40_2_h	1.14118151792566	-5.01726615689347
Chrom_40_4_b_F10	head	control	Chrom_40_4_h	1.65852471824053	-4.80990672443263
Chrom_40_1_b_E11	head	control	Chrom_40_1_h	-0.948850718106997	-4.10433245840817
Chrom_40_1_b_D5	head	control	Chrom_40_1_h	0.199540296948916	-2.92301170889972
Chrom_40_2_b_C8	head	control	Chrom_40_2_h	1.65875505383847	-2.22224848296624
Chrom_40_1_b_F10	head	control	Chrom_40_1_h	-0.898513975449229	-4.29378814396114
Chrom_40_1_b_F3	head	control	Chrom_40_1_h	-0.93793043128275	-4.2107477162744
Chrom_50_4_b_G12	head	crvi	Chrom_50_4_h	0.382383721998394	-5.09458334073067
Chrom_40_3_b_E12	head	control	Chrom_40_3_h	1.0613797720204	-5.59877731945445
Chrom_40_2_b_F1	head	control	Chrom_40_2_h	1.13130631807771	-5.0328463846562
Chrom_50_1_b_B6	head	crvi	Chrom_50_1_h	1.95770896467718	-4.73568480947751
Chrom_50_3_b_H11	head	crvi	Chrom_50_3_h	-0.158745666098854	-4.34933661434685
Chrom_50_4_b_D10	head	crvi	Chrom_50_4_h	1.07419063270731	-5.28718460207694
Chrom_40_1_b_C12	head	control	Chrom_40_1_h	1.52371552480396	-5.52458379431304
Chrom_40_2_b_B12	head	control	Chrom_40_2_h	1.82885918812728	-5.60006582216695
Chrom_40_4_b_H1	head	control	Chrom_40_4_h	1.31607079045603	-5.25301902094163
Chrom_50_3_b_A5	head	crvi	Chrom_50_3_h	1.5907305599298	-4.70792621233277
Chrom_50_4_b_D6	head	crvi	Chrom_50_4_h	2.41524373863821	-5.37398442577531
Chrom_50_1_b_A9	head	crvi	Chrom_50_1_h	-0.220562025093009	-4.62325880250532
Chrom_40_3_b_A12	head	control	Chrom_40_3_h	2.13226410837403	-5.26034651276961
Chrom_40_1_b_G5	head	control	Chrom_40_1_h	1.11521184314067	-2.34322492815932
Chrom_40_2_b_H12	head	control	Chrom_40_2_h	1.41600840660111	-2.30439660852084
Chrom_40_4_b_F8	head	control	Chrom_40_4_h	1.22856462718476	-4.96816585460123
Chrom_50_2_b_A1	head	crvi	Chrom_50_2_h	-0.780283921609607	-4.40234756073735
Chrom_50_3_b_E2	head	crvi	Chrom_50_3_h	1.01088651212629	-5.38163045723266
Chrom_50_2_b_B11	head	crvi	Chrom_50_2_h	-0.956848226019404	-4.37546914440253
Chrom_40_3_b_F10	head	control	Chrom_40_3_h	1.40298727333092	-4.0349777835001
Chrom_50_4_b_E5	head	crvi	Chrom_50_4_h	2.25194574504018	-5.17249304954925
Chrom_50_2_b_E2	head	crvi	Chrom_50_2_h	-0.517974875067853	-4.46048812708481
Chrom_40_2_b_D4	head	control	Chrom_40_2_h	0.979674218467233	-3.79550476848963
Chrom_40_4_b_A9	head	control	Chrom_40_4_h	1.2062788745938	-4.60980023879576
Chrom_50_1_b_C3	head	crvi	Chrom_50_1_h	0.726985582537706	-5.43357007929292
Chrom_40_4_b_G8	head	control	Chrom_40_4_h	1.80246149082719	-5.19162571290909
Chrom_50_4_b_F10	head	crvi	Chrom_50_4_h	2.39994410423981	-4.86557182836591
Chrom_50_3_b_A8	head	crvi	Chrom_50_3_h	1.14432835648329	-5.27825260923555
Chrom_50_1_b_E9	head	crvi	Chrom_50_1_h	1.8714240615661	-4.59820442622917
Chrom_40_4_b_E2	head	control	Chrom_40_4_h	1.24323987074578	-5.409280320943
Chrom_50_4_b_D1	head	crvi	Chrom_50_4_h	1.20273576926376	-4.93240779163984
Chrom_50_3_b_F1	head	crvi	Chrom_50_3_h	0.633477488224653	-5.31256131887623
Chrom_40_4_b_B10	head	control	Chrom_40_4_h	1.485902656354	-2.36932036180325
Chrom_50_3_b_D2	head	crvi	Chrom_50_3_h	-0.450452418087685	-4.59158945973643
Chrom_40_3_b_A8	head	control	Chrom_40_3_h	0.122093891595465	-4.8542260990271
Chrom_40_1_b_E3	head	control	Chrom_40_1_h	-0.80654761697281	-4.35533132745714
Chrom_50_3_b_D3	head	crvi	Chrom_50_3_h	0.57847622249282	-5.2212875762174
Chrom_50_3_b_E12	head	crvi	Chrom_50_3_h	0.0322062166570275	-5.10411587070726
Chrom_40_2_b_E12	head	control	Chrom_40_2_h	1.60616167643615	-5.59021998907868
Chrom_40_3_b_E1	head	control	Chrom_40_3_h	0.72987809836484	-5.44393565907034
Chrom_50_4_b_B1	head	crvi	Chrom_50_4_h	-0.167687246432253	-5.05244455882042
Chrom_40_3_b_A10	head	control	Chrom_40_3_h	1.45537738504388	-5.52811529421803
Chrom_50_2_b_D5	head	crvi	Chrom_50_2_h	2.3153048893197	-5.00481867287053
Chrom_40_2_b_C3	head	control	Chrom_40_2_h	0.407505217436636	-4.63681964846057
Chrom_40_4_b_A10	head	control	Chrom_40_4_h	0.790694901123036	-4.79218889202243
Chrom_40_4_b_F1	head	control	Chrom_40_4_h	1.49383749733074	-5.40447928410055
Chrom_50_4_b_B12	head	crvi	Chrom_50_4_h	-0.0613877328527001	-4.42300560279395
Chrom_50_1_b_B5	head	crvi	Chrom_50_1_h	2.05347986127972	-5.64987862260458
Chrom_40_4_b_H12	head	control	Chrom_40_4_h	0.946228442898392	-2.25561842378746
Chrom_40_1_b_H3	head	control	Chrom_40_1_h	-0.71133953153014	-4.55475972688405
Chrom_50_4_b_A4	head	crvi	Chrom_50_4_h	0.982688421884183	-4.06018802287258
Chrom_40_3_b_D11	head	control	Chrom_40_3_h	0.846610380747815	-4.18416864863481
Chrom_50_2_b_D10	head	crvi	Chrom_50_2_h	0.494243188331239	-5.16828615913928
Chrom_50_3_b_B1	head	crvi	Chrom_50_3_h	0.427607238668259	-5.12531195644116
Chrom_50_2_b_E1	head	crvi	Chrom_50_2_h	1.2952893914163	-5.39239883856975
Chrom_40_1_b_D3	head	control	Chrom_40_1_h	-0.972455223381401	-4.26594980324089
Chrom_50_4_b_G10	head	crvi	Chrom_50_4_h	2.15697940776685	-5.74627610781582
Chrom_50_4_b_F4	head	crvi	Chrom_50_4_h	1.85771141693557	-5.28387631491189
Chrom_40_3_b_E11	head	control	Chrom_40_3_h	0.666355638637556	-3.65444657907474
Chrom_50_2_b_A4	head	crvi	Chrom_50_2_h	-0.542839367999695	-4.39136878544472
Chrom_50_3_b_A1	head	crvi	Chrom_50_3_h	1.81639722308838	-5.35605448721744
Chrom_40_4_b_B3	head	control	Chrom_40_4_h	1.71004403093718	-5.1948254296446
Chrom_40_2_b_G9	head	control	Chrom_40_2_h	1.20752025008953	-2.53201479113758
Chrom_50_4_b_D3	head	crvi	Chrom_50_4_h	2.27669078611808	-4.68368507031503
Chrom_40_2_b_F11	head	control	Chrom_40_2_h	0.586935592893339	-2.75625258518531
Chrom_40_3_b_F3	head	control	Chrom_40_3_h	1.26255741328953	-3.89556989402854
Chrom_50_1_b_B4	head	crvi	Chrom_50_1_h	1.82617095860787	-5.80778696756381
Chrom_50_1_b_G1	head	crvi	Chrom_50_1_h	-0.122465208957479	-4.94069610876294
Chrom_50_4_b_E7	head	crvi	Chrom_50_4_h	2.00291801799071	-5.13880592359161
Chrom_50_3_b_G7	head	crvi	Chrom_50_3_h	3.09971415153472	-2.11526196594281
Chrom_40_3_b_C5	head	control	Chrom_40_3_h	1.68969470801837	-4.27484117213589
Chrom_40_1_b_H10	head	control	Chrom_40_1_h	-0.907482155589403	-4.23563163323121
Chrom_40_3_b_G3	head	control	Chrom_40_3_h	1.07115411952587	-3.8981465685556
Chrom_40_1_b_D2	head	control	Chrom_40_1_h	-1.0518211096893	-4.25808564270195
Chrom_40_3_b_C7	head	control	Chrom_40_3_h	1.17108082366524	-3.84480531480342
Chrom_40_1_b_A2	head	control	Chrom_40_1_h	-0.33560932762912	-4.98963942602991
Chrom_50_1_b_F11	head	crvi	Chrom_50_1_h	0.259762804115973	-4.33469532535107
Chrom_40_1_b_B1	head	control	Chrom_40_1_h	1.90147880666457	-5.29457775472864
Chrom_50_3_b_C10	head	crvi	Chrom_50_3_h	-0.539113050054295	-4.45916662547869
Chrom_40_3_b_G9	head	control	Chrom_40_3_h	1.25771542606703	-3.95855661494756
Chrom_50_4_b_C9	head	crvi	Chrom_50_4_h	0.00314023335246533	-4.61778253150006
Chrom_40_4_b_E12	head	control	Chrom_40_4_h	0.234101561353756	-3.94993612531197
Chrom_50_2_b_B1	head	crvi	Chrom_50_2_h	-0.699073705341549	-4.42879550672685
Chrom_40_2_b_H3	head	control	Chrom_40_2_h	1.62744355029784	-2.69565724458979
Chrom_50_2_b_G7	head	crvi	Chrom_50_2_h	2.03433613055144	-4.74905390184903
Chrom_50_4_b_E6	head	crvi	Chrom_50_4_h	2.29979284127209	-3.64366932297282
Chrom_50_4_b_F2	head	crvi	Chrom_50_4_h	1.0031181701064	-4.98103404749852
Chrom_40_1_b_A11	head	control	Chrom_40_1_h	-0.787395357444604	-3.99153172087229
Chrom_50_4_b_D11	head	crvi	Chrom_50_4_h	1.83916676513469	-5.67739781690816
Chrom_50_3_b_E9	head	crvi	Chrom_50_3_h	2.21480894696345	-4.81161787105642
Chrom_40_2_b_A4	head	control	Chrom_40_2_h	2.22189617765742	-5.17455205914143
Chrom_50_1_b_H11	head	crvi	Chrom_50_1_h	2.30258965934636	-2.1055799565689
Chrom_50_3_b_F3	head	crvi	Chrom_50_3_h	2.13133729819528	-4.55401693798189
Chrom_40_1_b_G1	head	control	Chrom_40_1_h	0.725178821201654	-5.40636864033613
Chrom_40_1_b_C5	head	control	Chrom_40_1_h	-0.179194977567798	-4.92211942438205
Chrom_50_2_b_D3	head	crvi	Chrom_50_2_h	1.50388688517112	-5.2895643071455
Chrom_40_1_b_A10	head	control	Chrom_40_1_h	-0.935483990269969	-4.17673891814062
Chrom_40_4_b_H8	head	control	Chrom_40_4_h	1.31993849039524	-2.34913297722794
Chrom_50_3_b_B8	head	crvi	Chrom_50_3_h	2.58978664333674	-5.4519203697331
Chrom_40_4_b_B11	head	control	Chrom_40_4_h	0.242322386635029	-3.86948585027817
Chrom_50_3_b_G6	head	crvi	Chrom_50_3_h	2.72346293448603	-5.36139904261635
Chrom_40_4_b_H10	head	control	Chrom_40_4_h	1.52414551610888	-5.01284415533523
Chrom_40_3_b_A9	head	control	Chrom_40_3_h	1.81939302637301	-3.6404443928276
Chrom_50_1_b_D4	head	crvi	Chrom_50_1_h	1.5340839967134	-5.75819018715581
Chrom_50_2_b_A12	head	crvi	Chrom_50_2_h	-0.55166961960355	-4.45496789829907
Chrom_50_2_b_G9	head	crvi	Chrom_50_2_h	1.28902619291569	-4.97646157317965
Chrom_50_2_b_F1	head	crvi	Chrom_50_2_h	-0.686778173801354	-4.46276891516687
Chrom_50_3_b_H2	head	crvi	Chrom_50_3_h	0.424731052854792	-5.20919474064986
Chrom_50_4_b_B9	head	crvi	Chrom_50_4_h	0.91637801016439	-5.15325886715503
Chrom_50_3_b_D1	head	crvi	Chrom_50_3_h	0.300291148235963	-4.73995566120335
Chrom_40_2_b_G11	head	control	Chrom_40_2_h	1.30715415983876	-5.12456176816415
Chrom_40_4_b_A5	head	control	Chrom_40_4_h	1.5495169301273	-5.41788538473691
Chrom_40_4_b_F11	head	control	Chrom_40_4_h	1.16921007980253	-2.25322523557529
Chrom_50_4_b_E4	head	crvi	Chrom_50_4_h	2.03326923920148	-5.08051652712849
Chrom_50_1_b_H7	head	crvi	Chrom_50_1_h	2.8838445516856	-3.70474780718309
Chrom_50_1_b_G10	head	crvi	Chrom_50_1_h	2.09543526914974	-5.35736575122704
Chrom_50_2_b_F3	head	crvi	Chrom_50_2_h	0.200986460602243	-3.32287300113966
Chrom_40_4_b_B5	head	control	Chrom_40_4_h	1.62591467285555	-3.53016719539608
Chrom_50_1_b_F6	head	crvi	Chrom_50_1_h	2.33360054687315	-4.65582124884945
Chrom_50_4_b_A5	head	crvi	Chrom_50_4_h	1.87781887366247	-5.63846172165546
Chrom_40_4_b_E6	head	control	Chrom_40_4_h	1.44841115761597	-2.25504571281671
Chrom_40_1_b_H8	head	control	Chrom_40_1_h	-0.893586332617126	-4.21595050361007
Chrom_50_1_b_F4	head	crvi	Chrom_50_1_h	1.88915047172801	-4.42647115680655
Chrom_50_2_b_C6	head	crvi	Chrom_50_2_h	1.64655402760393	-3.67017185439788
Chrom_50_2_b_F4	head	crvi	Chrom_50_2_h	1.52078917636905	-5.06317485583227
Chrom_40_4_b_G2	head	control	Chrom_40_4_h	0.889665966491531	-4.80989938362074
Chrom_50_4_b_A1	head	crvi	Chrom_50_4_h	1.54066819349116	-5.41628684074195
Chrom_40_1_b_C1	head	control	Chrom_40_1_h	1.39865452640547	-4.70715366401488
Chrom_50_4_b_D2	head	crvi	Chrom_50_4_h	2.05343619560685	-6.02016429549807
Chrom_50_4_b_C5	head	crvi	Chrom_50_4_h	2.17868520169983	-5.5612871762759
Chrom_50_4_b_G1	head	crvi	Chrom_50_4_h	1.56222337106076	-4.48005854147153
Chrom_40_1_b_C2	head	control	Chrom_40_1_h	-1.0913617791023	-4.26921386811461
Chrom_50_2_b_B6	head	crvi	Chrom_50_2_h	0.957354350325087	-2.73777716302198
Chrom_40_3_b_E8	head	control	Chrom_40_3_h	-0.494696724184386	-4.41936744279133
Chrom_40_3_b_B6	head	control	Chrom_40_3_h	2.07408970015256	-2.50430282568626
Chrom_50_2_b_G5	head	crvi	Chrom_50_2_h	2.37083372952624	-4.95559179013954
Chrom_50_3_b_A7	head	crvi	Chrom_50_3_h	1.86310652301495	-5.49768474845611
Chrom_40_2_b_E11	head	control	Chrom_40_2_h	0.4616846197054	-2.6594310237023
Chrom_40_4_b_E10	head	control	Chrom_40_4_h	1.37557637724751	-5.18394944278758
Chrom_50_3_b_H12	head	crvi	Chrom_50_3_h	0.0778340520414487	-4.34024279457324
Chrom_40_3_b_E4	head	control	Chrom_40_3_h	0.964833951361016	-4.9312184623149
Chrom_40_3_b_E3	head	control	Chrom_40_3_h	0.946576759253622	-4.26206092916561
Chrom_50_3_b_E10	head	crvi	Chrom_50_3_h	-0.396131016722219	-4.48350042059366
Chrom_40_4_b_G12	head	control	Chrom_40_4_h	1.75374355863915	-4.99372058034174
Chrom_50_1_b_D2	head	crvi	Chrom_50_1_h	1.18945047182565	-5.80929503933323
Chrom_40_2_b_F8	head	control	Chrom_40_2_h	1.45897301667188	-2.34442965511618
Chrom_50_4_b_B3	head	crvi	Chrom_50_4_h	1.80375773982749	-5.81246813709889
Chrom_50_1_b_E4	head	crvi	Chrom_50_1_h	1.80371728016714	-5.71426072156115
Chrom_40_3_b_E9	head	control	Chrom_40_3_h	0.82464738437024	-4.7179987340492
Chrom_40_2_b_H5	head	control	Chrom_40_2_h	1.56502222005282	-5.27390690208534
Chrom_40_4_b_E3	head	control	Chrom_40_4_h	1.19573714994231	-4.7246539801057
Chrom_40_1_b_C10	head	control	Chrom_40_1_h	-1.03970980920543	-4.28951835682236
Chrom_40_1_b_D1	head	control	Chrom_40_1_h	1.18286923760773	-5.51732868938336
Chrom_50_1_b_B3	head	crvi	Chrom_50_1_h	1.48080924736977	-5.77149272482248
Chrom_40_1_b_F5	head	control	Chrom_40_1_h	1.32324855399549	-2.17489468832699
Chrom_50_4_b_D8	head	crvi	Chrom_50_4_h	-0.323374914899978	-4.33258857555063
Chrom_50_4_b_H9	head	crvi	Chrom_50_4_h	1.89852930960959	-4.28576105015897
Chrom_50_2_b_F10	head	crvi	Chrom_50_2_h	-0.440024550608269	-4.56323341938063
Chrom_40_1_b_C4	head	control	Chrom_40_1_h	-0.770993393166226	-4.18847406208039
Chrom_40_4_b_D4	head	control	Chrom_40_4_h	1.60364315828065	-4.8165125001097
Chrom_50_1_b_E5	head	crvi	Chrom_50_1_h	1.41629361112417	-5.73411647362562
Chrom_50_2_b_F12	head	crvi	Chrom_50_2_h	-0.843074925041236	-4.40734743240975
Chrom_40_4_b_B6	head	control	Chrom_40_4_h	2.09033611909871	-2.17739134084996
Chrom_50_4_b_H2	head	crvi	Chrom_50_4_h	2.01409251325643	-5.87014239734738
Chrom_40_4_b_D12	head	control	Chrom_40_4_h	1.04933283181316	-4.81343506884153
Chrom_40_4_b_G7	head	control	Chrom_40_4_h	1.90640648884905	-5.42306312221235
Chrom_40_2_b_A8	head	control	Chrom_40_2_h	1.49026760835009	-5.12475300288946
Chrom_40_4_b_C11	head	control	Chrom_40_4_h	1.34696116714172	-5.24173440054073
Chrom_40_1_b_E10	head	control	Chrom_40_1_h	-1.02980158084495	-4.25302272059934
Chrom_50_1_b_A3	head	crvi	Chrom_50_1_h	2.16128709594728	-5.84718442975355
Chrom_40_2_b_H6	head	control	Chrom_40_2_h	2.073466242841	-2.22889566405527
Chrom_50_3_b_C5	head	crvi	Chrom_50_3_h	1.37115898886933	-5.22212269735935
Chrom_40_3_b_F2	head	control	Chrom_40_3_h	1.03830400301046	-4.29746933345829
Chrom_40_1_b_D8	head	control	Chrom_40_1_h	-0.959263713179418	-4.25570580727005
Chrom_40_1_b_A8	head	control	Chrom_40_1_h	-0.895117981532954	-4.25303823822989
Chrom_40_4_b_C6	head	control	Chrom_40_4_h	1.63927207782642	-2.20350927979958
Chrom_40_1_b_D12	head	control	Chrom_40_1_h	1.82545572259462	-5.60900136440785
Chrom_50_1_b_E8	head	crvi	Chrom_50_1_h	-0.407204382164183	-4.62489259707724
Chrom_50_4_b_E3	head	crvi	Chrom_50_4_h	2.02586323326241	-5.74506369612056
Chrom_50_2_b_G6	head	crvi	Chrom_50_2_h	2.75823226446189	-4.74749481821654
Chrom_40_1_b_H4	head	control	Chrom_40_1_h	0.647603457139687	-5.51481470968631
Chrom_40_1_b_E8	head	control	Chrom_40_1_h	-1.02588173944318	-4.24213043665292
Chrom_50_1_b_F1	head	crvi	Chrom_50_1_h	0.221634529245431	-5.18390962652486
Chrom_50_3_b_C3	head	crvi	Chrom_50_3_h	0.628955810794598	-5.21291593128946
Chrom_50_4_b_G5	head	crvi	Chrom_50_4_h	0.895038407159509	-4.33182423626199
Chrom_40_4_b_A4	head	control	Chrom_40_4_h	1.41633460311657	-5.38955253586874
Chrom_40_4_b_A8	head	control	Chrom_40_4_h	1.82158601715115	-5.49805464774588
Chrom_40_1_b_A7	head	control	Chrom_40_1_h	-0.855622063062139	-4.25882337677698
Chrom_40_3_b_F11	head	control	Chrom_40_3_h	0.615561071927938	-3.27558249501725
Chrom_40_1_b_H1	head	control	Chrom_40_1_h	1.64748722533054	-4.19777842991957
Chrom_50_2_b_E3	head	crvi	Chrom_50_2_h	2.45112685825819	-4.87533196846449
Chrom_40_1_b_C9	head	control	Chrom_40_1_h	-0.995423897758557	-4.24281276285778
Chrom_40_3_b_G11	head	control	Chrom_40_3_h	0.825346711297959	-5.23928486235182
Chrom_40_2_b_B6	head	control	Chrom_40_2_h	1.51109157467381	-2.20263024743222
Chrom_40_4_b_F9	head	control	Chrom_40_4_h	0.99986462909139	-5.01015580683805
Chrom_40_2_b_F9	head	control	Chrom_40_2_h	0.607829950274708	-2.66617901371164
Chrom_40_2_b_H2	head	control	Chrom_40_2_h	1.72198490122215	-3.85067453086414
Chrom_40_3_b_H10	head	control	Chrom_40_3_h	0.750115024377156	-4.02078364544045
Chrom_40_1_b_H2	head	control	Chrom_40_1_h	2.15344811490881	-5.48789967799919
Chrom_40_2_b_D3	head	control	Chrom_40_2_h	1.18932141645093	-5.45579837858295
Chrom_50_1_b_E6	head	crvi	Chrom_50_1_h	2.40494838743607	-3.68570063426857
Chrom_40_1_b_G6	head	control	Chrom_40_1_h	-0.613640070299813	-4.18733363708047
Chrom_40_3_b_F6	head	control	Chrom_40_3_h	1.70212336752563	-3.54878646657045
Chrom_50_2_b_C10	head	crvi	Chrom_50_2_h	-0.778086688972467	-4.39495444013675
Chrom_40_4_b_C2	head	control	Chrom_40_4_h	0.591035037823458	-4.65783819330873
Chrom_50_3_b_E8	head	crvi	Chrom_50_3_h	0.887058850359639	-2.85519201243568
Chrom_50_2_b_H6	head	crvi	Chrom_50_2_h	2.59265190354142	-2.05017271886902
Chrom_40_1_b_C8	head	control	Chrom_40_1_h	-0.923362864471398	-4.21699597230869
Chrom_50_1_b_G8	head	crvi	Chrom_50_1_h	1.36870540654736	-5.633586523809
Chrom_50_4_b_C8	head	crvi	Chrom_50_4_h	2.00579582905197	-5.67702970646204
Chrom_50_1_b_A2	head	crvi	Chrom_50_1_h	1.97670556902772	-5.91252672226605
Chrom_40_1_b_D10	head	control	Chrom_40_1_h	-1.01540785776935	-4.24224000768503
Chrom_50_2_b_A2	head	crvi	Chrom_50_2_h	-0.690394509986494	-4.42116338704464
Chrom_50_4_b_F5	head	crvi	Chrom_50_4_h	-0.327657260336044	-4.56609680823352
Chrom_40_3_b_A4	head	control	Chrom_40_3_h	0.665763892417357	-5.18840410518574
Chrom_50_3_b_G3	head	crvi	Chrom_50_3_h	0.228471878410581	-4.90151451049546
Chrom_50_3_b_B9	head	crvi	Chrom_50_3_h	1.91010923702918	-5.50734864103276
Chrom_40_1_b_F8	head	control	Chrom_40_1_h	-0.977254370531054	-4.21419283902109
Chrom_50_1_b_G12	head	crvi	Chrom_50_1_h	1.93335032488693	-1.94167930413958
Chrom_50_1_b_C9	head	crvi	Chrom_50_1_h	1.84527764422188	-4.5247714605089
Chrom_40_2_b_D5	head	control	Chrom_40_2_h	1.53613422384584	-4.9969968340388
Chrom_50_4_b_B11	head	crvi	Chrom_50_4_h	0.905983446188143	-5.62312609098591
Chrom_50_1_b_E12	head	crvi	Chrom_50_1_h	1.27529376223725	-5.8234647779589
Chrom_50_2_b_C3	head	crvi	Chrom_50_2_h	0.386337490730701	-3.68423239636207
Chrom_50_3_b_G2	head	crvi	Chrom_50_3_h	1.91728364075645	-4.4091747854066
Chrom_50_4_b_A3	head	crvi	Chrom_50_4_h	1.53281733936064	-5.77752861802087
Chrom_50_2_b_F6	head	crvi	Chrom_50_2_h	1.67679713534244	-2.5209682676923
Chrom_40_1_b_D4	head	control	Chrom_40_1_h	-1.01182511514016	-4.24815703938884
Chrom_50_3_b_B12	head	crvi	Chrom_50_3_h	-0.387181500021561	-4.36824302242038
Chrom_40_2_b_B10	head	control	Chrom_40_2_h	1.08106244534752	-2.75422619625306
Chrom_40_4_b_F4	head	control	Chrom_40_4_h	1.19254237358939	-2.29602951642334
Chrom_40_1_b_E9	head	control	Chrom_40_1_h	-0.97272545299841	-4.27119199934723
Chrom_40_2_b_E1	head	control	Chrom_40_2_h	1.2966216913803	-5.39475614720061
Chrom_50_1_b_D1	head	crvi	Chrom_50_1_h	0.405585139910116	-5.31338493546358
Chrom_50_3_b_B3	head	crvi	Chrom_50_3_h	0.135380429494749	-4.50620242031946
Chrom_50_3_b_F12	head	crvi	Chrom_50_3_h	-0.537358994023253	-4.26606634128381
Chrom_40_4_b_G3	head	control	Chrom_40_4_h	1.6154991783129	-4.21966942616266
Chrom_40_2_b_H9	head	control	Chrom_40_2_h	1.39633289529346	-2.47165905555622
Chrom_40_4_b_C3	head	control	Chrom_40_4_h	1.38433077716711	-5.02645946837409
Chrom_50_4_b_F9	head	crvi	Chrom_50_4_h	2.03702260086625	-2.48304111895666
Chrom_50_2_b_B12	head	crvi	Chrom_50_2_h	-0.581703620955036	-4.47581952995239
Chrom_50_3_b_C12	head	crvi	Chrom_50_3_h	-0.53335675202991	-4.43146238383841
Chrom_40_2_b_A2	head	control	Chrom_40_2_h	2.07755256556967	-5.25453741309115
Chrom_40_2_b_F5	head	control	Chrom_40_2_h	1.18776506833245	-5.07558230847586
Chrom_40_3_b_A7	head	control	Chrom_40_3_h	1.73951278568495	-5.607740358463
Chrom_50_4_b_A10	head	crvi	Chrom_50_4_h	0.123731370433988	-4.85215112237804
Chrom_40_4_b_D11	head	control	Chrom_40_4_h	1.02482598147823	-2.78511868498864
Chrom_40_3_b_B12	head	control	Chrom_40_3_h	0.993093937446236	-5.5462652240924
Chrom_40_2_b_F10	head	control	Chrom_40_2_h	0.685148523805491	-2.84105027462336
Chrom_50_2_b_H12	head	crvi	Chrom_50_2_h	-0.6359274538154	-4.36902616099051
Chrom_50_1_b_D6	head	crvi	Chrom_50_1_h	2.19457651256276	-4.80163922433644
Chrom_50_2_b_A3	head	crvi	Chrom_50_2_h	0.864199664332517	-4.53807129260563
Chrom_40_4_b_F7	head	control	Chrom_40_4_h	1.93570153822137	-5.29969771274641
Chrom_50_1_b_B10	head	crvi	Chrom_50_1_h	1.53923595673127	-4.28863970764234
Chrom_50_3_b_H4	head	crvi	Chrom_50_3_h	0.956979848742491	-5.13949639873678
Chrom_50_3_b_A4	head	crvi	Chrom_50_3_h	1.83554706843174	-4.33098389600811
Chrom_50_3_b_C4	head	crvi	Chrom_50_3_h	1.09170318826851	-5.33357004007416
Chrom_50_3_b_B11	head	crvi	Chrom_50_3_h	-0.663682397249663	-4.58005279493435
Chrom_50_4_b_G7	head	crvi	Chrom_50_4_h	1.23600753295462	-3.78814801087062
Chrom_50_1_b_E7	head	crvi	Chrom_50_1_h	-0.332992725690385	-4.61536358468053
Chrom_50_2_b_E6	head	crvi	Chrom_50_2_h	2.16942303009325	-4.65318942586084
Chrom_40_3_b_H9	head	control	Chrom_40_3_h	1.62895299224225	-2.37562525707385
Chrom_50_1_b_H12	head	crvi	Chrom_50_1_h	1.84072060721811	-3.70398864145864
Chrom_50_3_b_F5	head	crvi	Chrom_50_3_h	0.253926568811367	-3.82562910169
Chrom_50_2_b_E11	head	crvi	Chrom_50_2_h	-0.753093432238677	-4.45394847680748
Chrom_40_2_b_A9	head	control	Chrom_40_2_h	2.02936305506051	-2.25505554378748
Chrom_40_4_b_A2	head	control	Chrom_40_4_h	1.03313832668593	-5.37543661956093
Chrom_40_1_b_G2	head	control	Chrom_40_1_h	-0.88385658850407	-4.25599088182454
Chrom_40_3_b_G7	head	control	Chrom_40_3_h	1.54177866828616	-5.36808087867183
Chrom_40_3_b_H12	head	control	Chrom_40_3_h	1.02561885876166	-3.71907160924781
Chrom_40_3_b_C10	head	control	Chrom_40_3_h	1.11338541976958	-4.89134576590338
Chrom_40_2_b_G2	head	control	Chrom_40_2_h	1.5668294809663	-2.29483251664872
Chrom_40_3_b_H2	head	control	Chrom_40_3_h	-0.475925132126558	-4.25730575815927
Chrom_50_3_b_D7	head	crvi	Chrom_50_3_h	2.04400049008058	-4.23986927077135
Chrom_50_2_b_F9	head	crvi	Chrom_50_2_h	0.694927865209267	-4.7199506781931
Chrom_50_1_b_A8	head	crvi	Chrom_50_1_h	2.20275493283739	-5.78256796944605
Chrom_50_4_b_G2	head	crvi	Chrom_50_4_h	1.83933348786071	-5.41958333642022
Chrom_40_1_b_F6	head	control	Chrom_40_1_h	0.672635307601998	-3.02351475833906
Chrom_50_3_b_D11	head	crvi	Chrom_50_3_h	-0.140180611606338	-4.83400575750039
Chrom_50_1_b_D7	head	crvi	Chrom_50_1_h	1.82831143186401	-5.62732659446018
Chrom_50_1_b_B2	head	crvi	Chrom_50_1_h	1.20822069294998	-5.56014900014168
Chrom_40_3_b_E2	head	control	Chrom_40_3_h	0.780494824468259	-5.41241386989314
Chrom_50_2_b_G3	head	crvi	Chrom_50_2_h	0.801916922667277	-4.7670477089101
Chrom_50_2_b_D12	head	crvi	Chrom_50_2_h	-0.528567059047523	-4.41435863796861
Chrom_40_1_b_D6	head	control	Chrom_40_1_h	-0.33450858353978	-3.69998470361151
Chrom_40_4_b_F12	head	control	Chrom_40_4_h	0.15496162871507	-2.8264447972763
Chrom_40_2_b_B4	head	control	Chrom_40_2_h	1.49386899208435	-2.32198092496711
Chrom_40_1_b_E1	head	control	Chrom_40_1_h	0.806843128690489	-5.54593525599067
Chrom_40_4_b_D5	head	control	Chrom_40_4_h	1.46895251226443	-2.30671541443931
Chrom_50_4_b_D4	head	crvi	Chrom_50_4_h	2.34925938795464	-5.72705464007171
Chrom_40_2_b_D1	head	control	Chrom_40_2_h	1.20934644485305	-5.47445937239726
Chrom_50_2_b_G4	head	crvi	Chrom_50_2_h	-0.791453147044327	-4.02993441950854
Chrom_50_3_b_B7	head	crvi	Chrom_50_3_h	1.98116206514779	-4.34126762265952
Chrom_40_3_b_D10	head	control	Chrom_40_3_h	0.196818400744327	-3.69587673473508
Chrom_40_1_b_B10	head	control	Chrom_40_1_h	-0.99687489766395	-4.17288423858539
Chrom_50_1_b_C2	head	crvi	Chrom_50_1_h	0.716901269685864	-5.65715986072937
Chrom_50_3_b_A12	head	crvi	Chrom_50_3_h	1.57605623229886	-5.34570004130775
Chrom_50_1_b_H8	head	crvi	Chrom_50_1_h	2.15047924650565	-3.96929416403552
Chrom_40_1_b_H5	head	control	Chrom_40_1_h	1.58273597536587	-3.95032820337728
Chrom_50_2_b_B5	head	crvi	Chrom_50_2_h	1.21372150991565	-5.28193927469066
Chrom_50_1_b_E3	head	crvi	Chrom_50_1_h	1.22940238446858	-5.61109545026105
Chrom_40_4_b_D6	head	control	Chrom_40_4_h	1.73498928607863	-2.66574223942198
Chrom_50_4_b_A9	head	crvi	Chrom_50_4_h	0.00947725854742566	-4.93317868036372
Chrom_40_3_b_H3	head	control	Chrom_40_3_h	1.22718810005267	-4.76654914485471
Chrom_50_4_b_G9	head	crvi	Chrom_50_4_h	2.2434025989156	-2.90786528529011
Chrom_40_2_b_D8	head	control	Chrom_40_2_h	1.41516955535123	-5.42891162576214
Chrom_50_2_b_B10	head	crvi	Chrom_50_2_h	-0.757479067310091	-4.35216112379482
Chrom_50_4_b_D9	head	crvi	Chrom_50_4_h	0.400733648261082	-4.86502964220527
Chrom_50_2_b_H4	head	crvi	Chrom_50_2_h	1.61248440591966	-5.06089200478436
Chrom_50_4_b_C7	head	crvi	Chrom_50_4_h	2.29375897557879	-5.70747322352918
Chrom_50_2_b_B9	head	crvi	Chrom_50_2_h	1.28346820663748	-5.35024252376347
Chrom_40_2_b_E4	head	control	Chrom_40_2_h	1.04158536090373	-3.54577727563712
Chrom_40_1_b_A3	head	control	Chrom_40_1_h	-0.923710086799043	-4.27155805982609
Chrom_40_2_b_A1	head	control	Chrom_40_2_h	1.71061517103333	-5.63475388327056
Chrom_40_2_b_H1	head	control	Chrom_40_2_h	1.75819644573226	-2.49205928586551
Chrom_50_4_b_E10	head	crvi	Chrom_50_4_h	2.13559941987549	-5.55364596495111
Chrom_40_2_b_D2	head	control	Chrom_40_2_h	1.21799713974211	-5.51521061324494
Chrom_50_3_b_D5	head	crvi	Chrom_50_3_h	2.67086879888063	-5.47790395520411
Chrom_40_4_b_A3	head	control	Chrom_40_4_h	0.605753229071384	-5.22879539920941
Chrom_40_2_b_H4	head	control	Chrom_40_2_h	1.07720516407774	-4.58394143171628
Chrom_50_1_b_H2	head	crvi	Chrom_50_1_h	1.1194263035535	-5.58214094306308
Chrom_40_2_b_D9	head	control	Chrom_40_2_h	0.668724405340514	-2.87187406832992
Chrom_40_3_b_C6	head	control	Chrom_40_3_h	1.7139562348294	-2.16926605161121
Chrom_50_3_b_E5	head	crvi	Chrom_50_3_h	0.466441736500209	-4.05297970826465
Chrom_40_4_b_H6	head	control	Chrom_40_4_h	2.02680495118886	-5.25162871237937
Chrom_40_4_b_D3	head	control	Chrom_40_4_h	1.38338673109311	-5.25068223704797
Chrom_40_2_b_F6	head	control	Chrom_40_2_h	1.79581599505153	-2.24669606582465
Chrom_50_3_b_G1	head	crvi	Chrom_50_3_h	0.393481174790329	-4.34736019801314
Chrom_50_2_b_H9	head	crvi	Chrom_50_2_h	-0.37754231273293	-3.97233423338688
Chrom_40_3_b_F12	head	control	Chrom_40_3_h	0.0665389833140441	-5.10225521403149
Chrom_50_1_b_D12	head	crvi	Chrom_50_1_h	2.06895121779999	-2.28055355392226
Chrom_40_1_b_A5	head	control	Chrom_40_1_h	-0.682477665529993	-4.58193446528666
Chrom_40_2_b_F2	head	control	Chrom_40_2_h	1.55547452599074	-2.3284773988846
Chrom_50_2_b_E5	head	crvi	Chrom_50_2_h	1.41417407018888	-2.87547861661244
Chrom_50_3_b_H9	head	crvi	Chrom_50_3_h	1.30911574746027	-4.24096535529629
Chrom_40_2_b_B9	head	control	Chrom_40_2_h	1.33770668001749	-2.49886081361992
Chrom_50_1_b_A4	head	crvi	Chrom_50_1_h	2.32285880300569	-5.88217716961596
Chrom_40_2_b_B2	head	control	Chrom_40_2_h	0.31913033102094	-4.61925412440172
Chrom_50_1_b_C1	head	crvi	Chrom_50_1_h	0.43637596676215	-5.34894507512861
Chrom_40_3_b_G8	head	control	Chrom_40_3_h	0.52955841202306	-4.29996672017447
Chrom_40_4_b_G6	head	control	Chrom_40_4_h	1.82333312620707	-4.33012922908445
Chrom_40_2_b_G4	head	control	Chrom_40_2_h	0.0293330218340131	-2.9407298826446
Chrom_50_3_b_B10	head	crvi	Chrom_50_3_h	-0.4055518872454	-4.60966052148592
Chrom_40_3_b_G12	head	control	Chrom_40_3_h	1.79380641605841	-4.01532036775755
Chrom_50_1_b_C6	head	crvi	Chrom_50_1_h	-0.124615297149989	-4.64768244605821
Chrom_50_4_b_H8	head	crvi	Chrom_50_4_h	0.97237453941085	-4.33980561150109
Chrom_50_4_b_H7	head	crvi	Chrom_50_4_h	1.28909898790512	-2.80635956731462
Chrom_50_2_b_D4	head	crvi	Chrom_50_2_h	1.84632254802494	-5.54066275217159
Chrom_50_3_b_B2	head	crvi	Chrom_50_3_h	-0.323196802121914	-4.48213390150241
Chrom_50_1_b_C12	head	crvi	Chrom_50_1_h	-0.555350407305877	-4.59355176240602
Chrom_40_4_b_B8	head	control	Chrom_40_4_h	1.99741366893874	-2.28898066613633
Chrom_40_3_b_F9	head	control	Chrom_40_3_h	0.255602928071457	-3.79074558754427
Chrom_50_1_b_C4	head	crvi	Chrom_50_1_h	1.71981844187962	-5.64436492414571
Chrom_40_2_b_G3	head	control	Chrom_40_2_h	1.54285722818198	-2.2622259120384
Chrom_40_3_b_C4	head	control	Chrom_40_3_h	1.31690818402096	-2.5155599274824
Chrom_40_1_b_E7	head	control	Chrom_40_1_h	-0.94434488807915	-4.22183565628744
Chrom_40_2_b_C5	head	control	Chrom_40_2_h	1.67973081552538	-2.32620584114477
Chrom_40_4_b_E1	head	control	Chrom_40_4_h	1.40904312341091	-5.07059536009769
Chrom_50_3_b_D12	head	crvi	Chrom_50_3_h	0.192769019536831	-4.76678417861734
Chrom_50_4_b_E12	head	crvi	Chrom_50_4_h	-0.428041642339488	-4.93486057271289
Chrom_40_1_b_F2	head	control	Chrom_40_1_h	1.02517810517706	-5.55092010392364
Chrom_40_1_b_H11	head	control	Chrom_40_1_h	1.81151387769719	-2.29198200334505
Chrom_40_1_b_C3	head	control	Chrom_40_1_h	-1.04429955364984	-4.27571952334982
Chrom_50_2_b_E12	head	crvi	Chrom_50_2_h	-0.78183035981154	-4.40052294318028
Chrom_40_4_b_C12	head	control	Chrom_40_4_h	1.46303180731967	-5.37524962708261
Chrom_50_2_b_D7	head	crvi	Chrom_50_2_h	1.38403348575673	-4.12547200332685
Chrom_50_2_b_C1	head	crvi	Chrom_50_2_h	-0.741091282862603	-4.39980996125815
Chrom_40_1_b_F1	head	control	Chrom_40_1_h	0.618304849680463	-5.47692951134676
Chrom_50_4_b_E8	head	crvi	Chrom_50_4_h	0.857139167859836	-2.9173250311091
Chrom_50_4_b_G3	head	crvi	Chrom_50_4_h	0.762048669799953	-3.92584943765579
Chrom_50_2_b_G11	head	crvi	Chrom_50_2_h	-0.441090656233237	-4.46736658941278
Chrom_40_2_b_F12	head	control	Chrom_40_2_h	0.878412164161808	-5.48830115603104
Chrom_50_3_b_H10	head	crvi	Chrom_50_3_h	0.359537458480599	-4.88914399221849
Chrom_40_3_b_C11	head	control	Chrom_40_3_h	0.638127411340426	-3.60705737668035
Chrom_40_3_b_D12	head	control	Chrom_40_3_h	1.63930244567103	-4.77863847303624
Chrom_50_1_b_A12	head	crvi	Chrom_50_1_h	-0.000990538529293613	-4.34244162729624
Chrom_50_3_b_G9	head	crvi	Chrom_50_3_h	0.00459970584394051	-4.23534315449783
Chrom_40_1_b_G12	head	control	Chrom_40_1_h	1.92203946066056	-5.3283313719677
Chrom_50_3_b_D6	head	crvi	Chrom_50_3_h	2.62544598114741	-5.43862076560605
Chrom_40_4_b_A6	head	control	Chrom_40_4_h	1.68126992087927	-2.35045202254137
Chrom_40_3_b_H4	head	control	Chrom_40_3_h	1.32309837431127	-5.53749660312784
Chrom_50_3_b_B6	head	crvi	Chrom_50_3_h	2.70712694599571	-4.07959066918481
Chrom_50_4_b_F6	head	crvi	Chrom_50_4_h	2.13362940517833	-2.22008345834065
Chrom_50_1_b_G11	head	crvi	Chrom_50_1_h	2.18838831051754	-2.85912840999734
Chrom_40_1_b_B2	head	control	Chrom_40_1_h	1.63194198496238	-4.10386956661808
Chrom_40_4_b_D2	head	control	Chrom_40_4_h	0.95059303363654	-4.97598071543589
Chrom_40_3_b_D2	head	control	Chrom_40_3_h	-0.719481894186202	-4.25348008843844
Chrom_40_1_b_C6	head	control	Chrom_40_1_h	-0.791428022256783	-4.03348834591328
Chrom_40_3_b_G1	head	control	Chrom_40_3_h	0.933601095492607	-4.62096222977791
Chrom_50_1_b_F10	head	crvi	Chrom_50_1_h	1.85631556003859	-5.7757512659985
Chrom_40_1_b_H12	head	control	Chrom_40_1_h	1.77322987746157	-1.74804743058107
Chrom_40_1_b_C11	head	control	Chrom_40_1_h	0.752740293863368	-5.30204291021564
Chrom_50_4_b_E11	head	crvi	Chrom_50_4_h	0.17316754606487	-4.51698724071132
Chrom_50_4_b_F3	head	crvi	Chrom_50_4_h	2.35110424281844	-4.28150882234311
Chrom_50_2_b_H1	head	crvi	Chrom_50_2_h	0.799707064961085	-5.25312345439918
Chrom_50_1_b_H4	head	crvi	Chrom_50_1_h	1.93983032479447	-5.94863026076862
Chrom_50_2_b_D9	head	crvi	Chrom_50_2_h	-0.443485793171037	-4.68390883360893
Chrom_40_3_b_E6	head	control	Chrom_40_3_h	1.88437681171546	-3.86954248658065
Chrom_50_3_b_C2	head	crvi	Chrom_50_3_h	-0.583863882615813	-4.56946714549764
Chrom_50_1_b_H3	head	crvi	Chrom_50_1_h	-0.323091092104799	-4.6613154864272
Chrom_40_4_b_E8	head	control	Chrom_40_4_h	0.974404279768813	-5.05529692314956
Chrom_40_4_b_C5	head	control	Chrom_40_4_h	1.61083342465683	-5.21490547546816
Chrom_50_1_b_H10	head	crvi	Chrom_50_1_h	2.39549227273513	-2.7410154620305
Chrom_40_1_b_B12	head	control	Chrom_40_1_h	0.19934920875253	-4.58759634548738
Chrom_40_4_b_D1	head	control	Chrom_40_4_h	0.688350002934463	-4.68910615684609
Chrom_50_1_b_H5	head	crvi	Chrom_50_1_h	2.16810530542072	-5.67656943351194
Chrom_40_1_b_D9	head	control	Chrom_40_1_h	-0.976088183179939	-4.27483376643908
Chrom_50_4_b_C12	head	crvi	Chrom_50_4_h	0.357893143940316	-4.05114825538206
Chrom_40_4_b_B7	head	control	Chrom_40_4_h	1.93604925614702	-2.29442419052221
Chrom_40_1_b_B3	head	control	Chrom_40_1_h	0.0728327249347449	-5.12592941734356
Chrom_40_2_b_E6	head	control	Chrom_40_2_h	1.71813350359492	-2.31229149922256
Chrom_50_4_b_C6	head	crvi	Chrom_50_4_h	0.719126938613384	-4.23945084169908
Chrom_40_2_b_G10	head	control	Chrom_40_2_h	1.07891781040036	-2.67841747770504
Chrom_50_3_b_C8	head	crvi	Chrom_50_3_h	-0.0745946468085396	-4.38465566069035
Chrom_40_4_b_E7	head	control	Chrom_40_4_h	1.29916640793008	-5.31763366497946
Chrom_50_4_b_F11	head	crvi	Chrom_50_4_h	0.0772769948768113	-5.30349912616828
Chrom_50_1_b_D10	head	crvi	Chrom_50_1_h	1.30554568473967	-5.80552513638039
Chrom_50_1_b_C8	head	crvi	Chrom_50_1_h	-0.189755841730299	-4.62830643342276
Chrom_50_3_b_C1	head	crvi	Chrom_50_3_h	-0.0826946596259996	-4.3554301600547
Chrom_40_4_b_C10	head	control	Chrom_40_4_h	1.73395684926085	-5.63011724385954
Chrom_40_3_b_B3	head	control	Chrom_40_3_h	1.27158213341439	-4.60333423080341
Chrom_50_2_b_A11	head	crvi	Chrom_50_2_h	-0.474452558221991	-4.45762611879282
Chrom_50_3_b_D8	head	crvi	Chrom_50_3_h	0.410088411394182	-4.23300422517102
Chrom_50_1_b_G9	head	crvi	Chrom_50_1_h	2.16801595200351	-3.950127822401
Chrom_50_3_b_G12	head	crvi	Chrom_50_3_h	-0.158065680789421	-4.15959628881582
Chrom_40_2_b_B3	head	control	Chrom_40_2_h	1.64128341532639	-2.30365524780605
Chrom_50_1_b_F3	head	crvi	Chrom_50_1_h	1.85357478955913	-5.79856296494278
Chrom_50_2_b_A7	head	crvi	Chrom_50_2_h	-0.294861416856878	-4.64072691629152
Chrom_40_4_b_B2	head	control	Chrom_40_4_h	1.80460351022689	-4.01036236058656
Chrom_40_1_b_A4	head	control	Chrom_40_1_h	-0.93506330682136	-4.25736932106237
Chrom_50_3_b_H1	head	crvi	Chrom_50_3_h	1.10492751635247	-5.23635086650239
Chrom_40_1_b_B11	head	control	Chrom_40_1_h	-0.794161587209597	-3.72762546794339
Chrom_50_3_b_F11	head	crvi	Chrom_50_3_h	-0.509440606439338	-4.5851839663451
Chrom_40_3_b_F4	head	control	Chrom_40_3_h	0.655337696061842	-4.47112018344505
Chrom_40_4_b_F5	head	control	Chrom_40_4_h	1.22909841985349	-2.44236361788179
Chrom_40_3_b_B9	head	control	Chrom_40_3_h	2.09146801589048	-3.93943037315637
Chrom_40_2_b_A12	head	control	Chrom_40_2_h	1.97560203464505	-5.66421438876367
Chrom_50_3_b_D9	head	crvi	Chrom_50_3_h	1.23645283561379	-4.80081000022533
Chrom_50_3_b_A9	head	crvi	Chrom_50_3_h	0.525267087005591	-4.99450720810139
Chrom_50_2_b_H10	head	crvi	Chrom_50_2_h	0.0473692848951323	-4.33937986829829
Chrom_40_1_b_E12	head	control	Chrom_40_1_h	-0.750511546896323	-3.83967679280161
Chrom_50_2_b_B7	head	crvi	Chrom_50_2_h	0.593757558071727	-5.08333974972249
Chrom_40_1_b_F4	head	control	Chrom_40_1_h	-0.323564445474571	-3.2125614031368
Chrom_40_3_b_H11	head	control	Chrom_40_3_h	1.82634728083067	-3.84323264089321
Chrom_40_4_b_F2	head	control	Chrom_40_4_h	1.49787592418081	-5.54098783749686
Chrom_50_2_b_B3	head	crvi	Chrom_50_2_h	-0.591167462438152	-4.42922890874143
Chrom_50_2_b_H7	head	crvi	Chrom_50_2_h	2.29668869686601	-2.85464327915076
Chrom_50_2_b_A8	head	crvi	Chrom_50_2_h	1.95866177888264	-5.2308852511866
Chrom_40_2_b_B1	head	control	Chrom_40_2_h	1.0763291085173	-5.34081146776838
Chrom_40_1_b_E2	head	control	Chrom_40_1_h	0.974156177771212	-5.38563222037987
Chrom_40_4_b_A11	head	control	Chrom_40_4_h	1.7079137011386	-4.78190780132829
Chrom_40_1_b_F11	head	control	Chrom_40_1_h	-0.769462084161201	-3.71620006815302
Chrom_50_3_b_A3	head	crvi	Chrom_50_3_h	0.459620170437119	-5.21297497068354
Chrom_50_3_b_E6	head	crvi	Chrom_50_3_h	2.5056168827874	-2.18763813572705
Chrom_50_4_b_E9	head	crvi	Chrom_50_4_h	1.75017833925302	-4.97407125169147
Chrom_50_2_b_C4	head	crvi	Chrom_50_2_h	1.88040846787486	-5.34070461616796
Chrom_40_1_b_G11	head	control	Chrom_40_1_h	1.24314321435576	-5.71419700975929
Chrom_40_1_b_D11	head	control	Chrom_40_1_h	0.56598065097756	-2.91187154699589
Chrom_40_3_b_H6	head	control	Chrom_40_3_h	2.26567089650588	-4.37862688602471
Chrom_50_3_b_A6	head	crvi	Chrom_50_3_h	1.6240489912287	-5.09877911589588
Chrom_50_4_b_B8	head	crvi	Chrom_50_4_h	1.98980926711486	-5.69265012467425
Chrom_40_1_b_H7	head	control	Chrom_40_1_h	-0.714966515598139	-4.16447077177271
Chrom_50_1_b_D3	head	crvi	Chrom_50_1_h	1.01625473441494	-5.71899653542001
Chrom_50_3_b_H6	head	crvi	Chrom_50_3_h	3.30877409032527	-3.87123382855904
Chrom_40_1_b_A6	head	control	Chrom_40_1_h	2.02383970419665	-2.12118902644926
Chrom_50_3_b_F4	head	crvi	Chrom_50_3_h	1.9723489277196	-5.29279603207274
Chrom_40_1_b_H6	head	control	Chrom_40_1_h	1.71578873288149	-5.49451373706838
Chrom_40_4_b_B1	head	control	Chrom_40_4_h	1.1858691883995	-5.0118500601244
Chrom_50_2_b_G1	head	crvi	Chrom_50_2_h	-0.702266216384792	-4.3839968101835
Chrom_40_4_b_B9	head	control	Chrom_40_4_h	2.02570265226421	-5.07316166276201
Chrom_50_1_b_D8	head	crvi	Chrom_50_1_h	1.51652213310053	-5.78564941087455
Chrom_50_2_b_G8	head	crvi	Chrom_50_2_h	0.284478113927485	-2.92800750099249
Chrom_50_2_b_H3	head	crvi	Chrom_50_2_h	0.87063322013041	-4.96028706558662
Chrom_50_3_b_A2	head	crvi	Chrom_50_3_h	-0.247807715325215	-4.56736767534989
Chrom_50_1_b_A1	head	crvi	Chrom_50_1_h	1.06463739609861	-5.70049441925995
Chrom_50_1_b_B12	head	crvi	Chrom_50_1_h	1.91085424250991	-5.75887385715157
Chrom_40_1_b_B7	head	control	Chrom_40_1_h	-0.864966576977983	-4.21567722952013
Chrom_40_3_b_G5	head	control	Chrom_40_3_h	1.35929009748935	-5.17799571355636
Chrom_50_1_b_G4	head	crvi	Chrom_50_1_h	0.706220070866017	-5.54224672795912
Chrom_40_1_b_B5	head	control	Chrom_40_1_h	-0.828451742481191	-4.16961798383072
Chrom_40_2_b_G8	head	control	Chrom_40_2_h	1.42770373659791	-2.26882631073759
Chrom_40_2_b_H7	head	control	Chrom_40_2_h	1.8053014626161	-2.35705972370256
Chrom_40_1_b_F9	head	control	Chrom_40_1_h	-1.06039765049397	-4.22996206309398
Chrom_40_2_b_C6	head	control	Chrom_40_2_h	1.83368575522935	-2.11228682164342
Chrom_40_2_b_C1	head	control	Chrom_40_2_h	1.76108448936573	-5.27624710177668
Chrom_50_3_b_D10	head	crvi	Chrom_50_3_h	1.172788342297	-5.60856262150658
Chrom_50_1_b_H6	head	crvi	Chrom_50_1_h	2.45164617090937	-5.68874274351251
Chrom_40_3_b_B11	head	control	Chrom_40_3_h	1.01524687961972	-4.17471127677241
Chrom_50_4_b_H10	head	crvi	Chrom_50_4_h	1.93022003086225	-5.61930268708769
Chrom_50_3_b_E1	head	crvi	Chrom_50_3_h	0.0461375470882546	-5.02003549779277
Chrom_50_3_b_G10	head	crvi	Chrom_50_3_h	1.37925965372151	-5.52285300672258
Chrom_40_3_b_B10	head	control	Chrom_40_3_h	0.704248533656218	-4.49942877108547
Chrom_40_2_b_D11	head	control	Chrom_40_2_h	0.641491159044544	-2.832622761277
Chrom_50_1_b_A10	head	crvi	Chrom_50_1_h	-0.335331599937158	-4.63781665492821
Chrom_50_1_b_G6	head	crvi	Chrom_50_1_h	2.43343916219881	-5.67288528439073
Chrom_40_4_b_H9	head	control	Chrom_40_4_h	1.60165249458681	-2.27398799206496
Chrom_40_2_b_B8	head	control	Chrom_40_2_h	1.04113260750831	-2.46544598976413
Chrom_50_1_b_B9	head	crvi	Chrom_50_1_h	1.52394270172558	-5.68313290409859
Chrom_40_3_b_C8	head	control	Chrom_40_3_h	1.49533424455855	-3.80014897105825
Chrom_40_2_b_G6	head	control	Chrom_40_2_h	1.74378923053165	-2.33213403334519
Chrom_50_3_b_A10	head	crvi	Chrom_50_3_h	-0.260364038339353	-4.60461858038457
Chrom_40_2_b_A7	head	control	Chrom_40_2_h	1.66882690486805	-5.415594114981
Chrom_40_3_b_B2	head	control	Chrom_40_3_h	1.49679378836799	-2.40932960239595
Chrom_40_4_b_H4	head	control	Chrom_40_4_h	1.34068434799215	-5.63903229059895
Chrom_40_3_b_A3	head	control	Chrom_40_3_h	0.0111598516105315	-4.79678694636475
Chrom_50_3_b_F8	head	crvi	Chrom_50_3_h	1.93857917578895	-4.17133029524879
Chrom_50_2_b_C11	head	crvi	Chrom_50_2_h	-0.738649793390795	-4.41209587625804
Chrom_40_2_b_A11	head	control	Chrom_40_2_h	1.68998908438048	-2.25190576571932
Chrom_50_2_b_H8	head	crvi	Chrom_50_2_h	1.75885109108495	-5.01546569445878
Chrom_50_1_b_E2	head	crvi	Chrom_50_1_h	1.58227031995077	-5.82530975408359
Chrom_50_4_b_C2	head	crvi	Chrom_50_4_h	0.423801662113912	-5.58392158483071
Chrom_50_2_b_B4	head	crvi	Chrom_50_2_h	0.610123214726553	-5.03821322297205
Chrom_40_1_b_G4	head	control	Chrom_40_1_h	-1.13877099057779	-4.22580862763614
Chrom_40_1_b_A1	head	control	Chrom_40_1_h	1.606724559062	-5.99668835715564
Chrom_50_4_b_G4	head	crvi	Chrom_50_4_h	0.00798050134448965	-3.29982688790374
Chrom_40_3_b_H7	head	control	Chrom_40_3_h	2.18741551173227	-2.05105022799993
Chrom_40_3_b_E7	head	control	Chrom_40_3_h	1.52954615286866	-4.42595652510124
Chrom_40_3_b_B5	head	control	Chrom_40_3_h	1.59269154288094	-2.35165965629031
Chrom_50_3_b_F6	head	crvi	Chrom_50_3_h	2.65151385993996	-1.95855684666901
Chrom_40_3_b_F5	head	control	Chrom_40_3_h	1.13553052263221	-5.33755114164742
Chrom_40_2_b_C4	head	control	Chrom_40_2_h	1.04232539154876	-5.15026997425584
Chrom_40_4_b_B4	head	control	Chrom_40_4_h	1.71688130925046	-5.08987141433497
Chrom_40_4_b_G9	head	control	Chrom_40_4_h	1.14938829426695	-2.27922730757171
Chrom_40_4_b_C4	head	control	Chrom_40_4_h	1.91120169496863	-3.6414936549324
Chrom_40_2_b_F7	head	control	Chrom_40_2_h	1.46224112721458	-2.5841826855664
Chrom_50_2_b_C2	head	crvi	Chrom_50_2_h	-0.82832430023645	-4.39586657863807
Chrom_40_3_b_A11	head	control	Chrom_40_3_h	1.53598519805913	-3.87526402812428
Chrom_40_4_b_G5	head	control	Chrom_40_4_h	1.21935495468222	-2.45176938532916
Chrom_50_4_b_B4	head	crvi	Chrom_50_4_h	2.05835937672297	-5.56372802665441
Chrom_50_1_b_F2	head	crvi	Chrom_50_1_h	1.62948485420366	-5.82758754563374
Chrom_50_4_b_C10	head	crvi	Chrom_50_4_h	0.210409499295972	-4.96763203205105
Chrom_50_2_b_G2	head	crvi	Chrom_50_2_h	1.75084099880765	-5.43194460402366
Chrom_40_3_b_B7	head	control	Chrom_40_3_h	2.22877943434366	-3.78247103044579
Chrom_50_3_b_D4	head	crvi	Chrom_50_3_h	1.6329621213795	-4.38980162626834
Chrom_40_1_b_A12	head	control	Chrom_40_1_h	-0.84724910937529	-4.34590474358071
Chrom_50_2_b_A9	head	crvi	Chrom_50_2_h	2.41824555624504	-5.42571458075601
Chrom_50_1_b_B7	head	crvi	Chrom_50_1_h	1.83120727707254	-4.51236534603396
Chrom_40_3_b_D1	head	control	Chrom_40_3_h	-0.586804324885305	-4.22366119613273
Chrom_40_1_b_G7	head	control	Chrom_40_1_h	-0.807819744778165	-4.25309787756502
Chrom_50_1_b_A5	head	crvi	Chrom_50_1_h	1.75156568248119	-5.863688813151
Chrom_40_4_b_H5	head	control	Chrom_40_4_h	1.66028820692384	-3.99555856020045
Chrom_50_3_b_H8	head	crvi	Chrom_50_3_h	1.5739349980062	-5.24374204212627
Chrom_50_3_b_A11	head	crvi	Chrom_50_3_h	0.495212758628388	-4.37449137848232
Chrom_40_3_b_E5	head	control	Chrom_40_3_h	1.38547181278936	-4.67381797257203
Chrom_50_4_b_H4	head	crvi	Chrom_50_4_h	0.498730362731701	-4.5830937913156
Chrom_40_3_b_A5	head	control	Chrom_40_3_h	1.83991745601307	-5.50791895578741
Chrom_50_2_b_G10	head	crvi	Chrom_50_2_h	0.0906169313091735	-4.93689509489611
Chrom_40_3_b_C3	head	control	Chrom_40_3_h	-0.1411320348229	-4.7228092123458
Chrom_40_2_b_B11	head	control	Chrom_40_2_h	0.860307629468526	-2.59776723317043
Chrom_40_2_b_C10	head	control	Chrom_40_2_h	1.17929788827804	-3.67894404192642
Chrom_40_2_b_E5	head	control	Chrom_40_2_h	1.59997054779948	-3.42789154482632
Chrom_40_3_b_H5	head	control	Chrom_40_3_h	1.51461874550604	-5.22886267647186
Chrom_50_1_b_G7	head	crvi	Chrom_50_1_h	2.61854530986132	-5.63979218129809
Chrom_40_4_b_E11	head	control	Chrom_40_4_h	0.372660335124505	-4.05953277735168
Chrom_40_2_b_E3	head	control	Chrom_40_2_h	1.62474934272493	-2.36302867504514
Chrom_50_4_b_C3	head	crvi	Chrom_50_4_h	1.55677466970585	-4.74435901764594
Chrom_40_1_b_B9	head	control	Chrom_40_1_h	-0.840736448074618	-4.23141075154812
Chrom_50_3_b_H7	head	crvi	Chrom_50_3_h	3.09530548849165	-1.9951447295292
Chrom_40_2_b_D6	head	control	Chrom_40_2_h	1.55507194459256	-2.39449032645614
Chrom_40_2_b_E7	head	control	Chrom_40_2_h	1.7458951190532	-2.10755571132455
Chrom_40_4_b_C8	head	control	Chrom_40_4_h	1.80232219641909	-5.10903697903108
Chrom_50_2_b_D2	head	crvi	Chrom_50_2_h	-0.726109071000916	-4.51883993781203
Chrom_40_3_b_D9	head	control	Chrom_40_3_h	0.946786463257579	-4.65393410951344
Chrom_40_1_b_B6	head	control	Chrom_40_1_h	-0.261606823741409	-3.3547461700193
Chrom_50_2_b_H5	head	crvi	Chrom_50_2_h	2.29692776207558	-4.97617551700133
Chrom_50_2_b_D6	head	crvi	Chrom_50_2_h	3.03595240882373	-4.5973535361838
Chrom_50_2_b_C8	head	crvi	Chrom_50_2_h	1.99810186270217	-5.02932388498076
Chrom_40_2_b_C11	head	control	Chrom_40_2_h	0.911682952018551	-2.55400802262253
Chrom_40_2_b_C7	head	control	Chrom_40_2_h	1.53799116634104	-2.5087374862309
Chrom_40_3_b_B8	head	control	Chrom_40_3_h	1.42802301167944	-3.81182729441701
Chrom_50_1_b_G2	head	crvi	Chrom_50_1_h	1.63178366175288	-5.7848835916093
Chrom_50_4_b_B5	head	crvi	Chrom_50_4_h	2.10039328687191	-5.37309824429489
Chrom_50_2_b_D11	head	crvi	Chrom_50_2_h	-0.649754693519418	-4.44306366488783
Chrom_40_4_b_C9	head	control	Chrom_40_4_h	1.89256172091689	-2.50892892649941
Chrom_40_3_b_G4	head	control	Chrom_40_3_h	-0.396277440322253	-4.18850683820368
Chrom_40_3_b_A1	head	control	Chrom_40_3_h	1.57982045232509	-5.65322549131675
Chrom_50_4_b_E1	head	crvi	Chrom_50_4_h	1.97024691484844	-5.23459163132448
Chrom_40_4_b_E4	head	control	Chrom_40_4_h	1.11472201727555	-4.87653812739388
Chrom_50_4_b_H11	head	crvi	Chrom_50_4_h	-0.0607986310733337	-5.02720675841999
Chrom_40_1_b_G9	head	control	Chrom_40_1_h	-0.967221023921492	-4.24179995778308
Chrom_40_3_b_E10	head	control	Chrom_40_3_h	1.17802421416704	-3.67498583667029
Chrom_40_3_b_H8	head	control	Chrom_40_3_h	1.69403114551611	-2.2925368538769
Chrom_40_2_b_G7	head	control	Chrom_40_2_h	2.01031472258156	-5.0034829495243
Chrom_50_1_b_C5	head	crvi	Chrom_50_1_h	1.79127847555301	-4.3519205007949
Chrom_40_2_b_G1	head	control	Chrom_40_2_h	1.06848439801034	-5.01653208408068
Chrom_50_1_b_A7	head	crvi	Chrom_50_1_h	2.37829340518308	-5.66741179553305
Chrom_50_2_b_G12	head	crvi	Chrom_50_2_h	-0.507400156433527	-4.43751496224745
Chrom_40_2_b_H11	head	control	Chrom_40_2_h	1.17914118228332	-2.52212570156997
Chrom_40_2_b_G12	head	control	Chrom_40_2_h	1.42135251324453	-2.4306039969629
Chrom_50_1_b_C7	head	crvi	Chrom_50_1_h	2.11579554915336	-5.78682154282227
Chrom_50_2_b_D1	head	crvi	Chrom_50_2_h	-0.602268004710407	-4.28569399912406
Chrom_50_4_b_B2	head	crvi	Chrom_50_4_h	1.33607056114934	-5.50384728541685
Chrom_40_4_b_D7	head	control	Chrom_40_4_h	1.52959340687366	-3.59752761719439
Chrom_50_4_b_B7	head	crvi	Chrom_50_4_h	2.28140601606854	-5.52592318516818
Chrom_50_3_b_H3	head	crvi	Chrom_50_3_h	1.8989233942811	-5.70098212307397
Chrom_40_3_b_D3	head	control	Chrom_40_3_h	-0.515545785588305	-4.24460136188568
Chrom_40_3_b_B4	head	control	Chrom_40_3_h	1.41454722133788	-3.96284612352811
Chrom_50_4_b_F1	head	crvi	Chrom_50_4_h	1.45850497688369	-4.88752767382923
Chrom_50_2_b_C5	head	crvi	Chrom_50_2_h	1.90691718968887	-4.99486535586418
Chrom_40_1_b_B8	head	control	Chrom_40_1_h	-0.886492620127239	-4.23777770676503
Chrom_40_3_b_F7	head	control	Chrom_40_3_h	1.97861489448142	-4.12515083652616
Chrom_40_3_b_H1	head	control	Chrom_40_3_h	-0.434131595283733	-4.21783147130644
Chrom_40_2_b_B5	head	control	Chrom_40_2_h	1.72981906041099	-2.21564820422798
Chrom_40_2_b_A3	head	control	Chrom_40_2_h	1.55816893267017	-5.05234251222811
Chrom_40_1_b_B4	head	control	Chrom_40_1_h	0.180457922124138	-5.00788678016854
Chrom_50_4_b_D7	head	crvi	Chrom_50_4_h	2.00813647158836	-4.6679312282124
Chrom_50_1_b_F9	head	crvi	Chrom_50_1_h	0.739020768263699	-5.63469504358918
Chrom_50_1_b_H1	head	crvi	Chrom_50_1_h	0.357043272204645	-5.27286036042155
Chrom_50_2_b_H2	head	crvi	Chrom_50_2_h	0.734740410599882	-5.34638648675185
Chrom_50_3_b_C6	head	crvi	Chrom_50_3_h	3.00812331622904	-4.26910829178243
Chrom_40_1_b_F7	head	control	Chrom_40_1_h	-0.801057509621862	-4.28534157545275
Chrom_50_3_b_H5	head	crvi	Chrom_50_3_h	2.28407114782229	-5.57028237668736
Chrom_50_3_b_C9	head	crvi	Chrom_50_3_h	0.305132046254887	-4.05548711242036
Chrom_50_4_b_A7	head	crvi	Chrom_50_4_h	2.14514928623479	-5.75220853209829
Chrom_50_4_b_F8	head	crvi	Chrom_50_4_h	0.0707794761544986	-3.90777598549905
Chrom_50_2_b_E7	head	crvi	Chrom_50_2_h	1.93868042517985	-2.30781753115823
Chrom_50_1_b_C11	head	crvi	Chrom_50_1_h	2.00587341492733	-5.32802066520188
